time,open,high,low,close
2019-07-26,0.022175441222162192,0.022438193822374906,0.021793267510044376,0.021851973480307405
2019-07-28,0.021867801217452958,0.022195080840691325,0.02161836507547635,0.022185298778534698
2019-07-30,0.022172033194911588,0.022172033194911588,0.02159789072307848,0.021684446193918638
2019-08-01,0.021664349696763004,0.021664349696763004,0.020682371056265688,0.020682371056265688
2019-08-03,0.020687101185050138,0.020687101185050138,0.020211200915115256,0.02029610672467376
2019-08-05,0.02029682986685755,0.02029682986685755,0.01942546618178042,0.01969618368451042
2019-08-07,0.019696677962760614,0.019696677962760614,0.01848134268239351,0.01848134268239351
2019-08-09,0.018477657873400055,0.018477657873400055,0.017717618906458264,0.018270025390548388
2019-08-11,0.018272883992320618,0.018741747500439377,0.018272883992320618,0.01855595398341242
2019-08-13,0.01855740505502203,0.01925623228653141,0.01835549520164512,0.018591084212971197
2019-08-15,0.01858852899181925,0.01858852899181925,0.01785908300094462,0.017886797407833655
2019-08-17,0.017893040186898964,0.018870685319645614,0.01784711638726237,0.018870685319645614
2019-08-19,0.018871334497165763,0.018871334497165763,0.01826414859412469,0.01826414859412469
2019-08-21,0.0182528190952569,0.01906338225300824,0.0182528190952569,0.01880969715409608
2019-08-23,0.018812450479252164,0.01881656053564786,0.018658597479281877,0.01881153456800556
2019-08-25,0.018808284808073474,0.018808284808073474,0.018169340082910282,0.018169340082910282
2019-08-27,0.01817020987046028,0.018385643179580198,0.017394527329407945,0.01778176152536826
2019-08-29,0.017787105403601372,0.01785651802529613,0.017553004692480362,0.01757731107326237
2019-08-31,0.017589079630133345,0.018050909237191784,0.017535799869318414,0.017535799869318414
2019-09-02,0.017537744130752476,0.017537744130752476,0.016848887948445943,0.016848887948445943
2019-09-04,0.01685850840936834,0.01685850840936834,0.016143387553421422,0.016444846324565034
2019-09-06,0.016445196931729418,0.01712398076046476,0.016191808999658483,0.016986073623011324
2019-09-08,0.016980777193809284,0.01765114923453561,0.016980777193809284,0.017517360496572508
2019-09-10,0.017516253612351554,0.017797959656885298,0.017516253612351554,0.017550732740631077
2019-09-12,0.017548150141937186,0.01758054762120625,0.01736679402795234,0.01752703773523463
2019-09-14,0.017520753146429226,0.018395837507127557,0.017520753146429226,0.01836251563554141
2019-09-16,0.018361820294510757,0.020916935202010167,0.018361820294510757,0.020405700054362864
2019-09-18,0.020413542341044078,0.02165142326239283,0.020413542341044078,0.021509508678692214
2019-09-20,0.02150747064451808,0.02178435931954473,0.0210709561965135,0.02152380093490253
2019-09-22,0.02153657720071605,0.02153657720071605,0.02061898573900305,0.020724474153881803
2019-09-24,0.020747668325210876,0.020747668325210876,0.019475858562814943,0.020153277530488498
2019-09-26,0.0201340751753071,0.0213825358464207,0.019685613848908937,0.021289585781231933
2019-09-28,0.0212702496472952,0.0212702496472952,0.02078886757027106,0.021034925016974914
2019-09-30,0.02102644660003761,0.021817741712596983,0.02102644660003761,0.021162876961868676
2019-10-02,0.021159082629917562,0.021646554988189782,0.021015631607465324,0.02126659231559842
2019-10-04,0.021263645341193106,0.02181700078464226,0.021263645341193106,0.021689872138001245
2019-10-06,0.021683349115478985,0.021958424441020082,0.02152530218954089,0.021958424441020082
2019-10-08,0.02195840095487195,0.02255006389606432,0.02187693147120884,0.022498810360558976
2019-10-10,0.022499249093673523,0.022502890815939113,0.021795896502629936,0.02186947488589997
2019-10-12,0.02188964204011367,0.021944960727992943,0.02145865468507,0.02188037408459413
2019-10-14,0.021876146491189664,0.022403273173096115,0.021845017719369256,0.022126498926941997
2019-10-16,0.022119793086339594,0.022162555371988767,0.021695962112304717,0.021957180958513733
2019-10-18,0.0219594380162321,0.0219594380162321,0.02153938672757167,0.02161617627062865
2019-10-20,0.021607087576835143,0.021607087576835143,0.021015768261470724,0.021229598835823687
2019-10-22,0.02124069098028969,0.0217454799238393,0.02098245188178651,0.0217454799238393
2019-10-24,0.021730310418193413,0.021834911427147784,0.02096111186432855,0.02096111186432855
2019-10-26,0.020941828957387196,0.020941828957387196,0.018971231482544683,0.01931186871992502
2019-10-28,0.019298538134689285,0.02026196891521331,0.019118544535391694,0.02026196891521331
2019-10-30,0.020252501612789513,0.020371596144235563,0.019648551850242165,0.01992665988350257
2019-11-01,0.019919211313692627,0.019919211313692627,0.019581717989703012,0.019691358770915355
2019-11-03,0.019691153191229882,0.01978530947410913,0.019691153191229882,0.01978530947410913
2019-11-05,0.01978424382439439,0.020599366405407916,0.01978424382439439,0.020455647323363618
2019-11-07,0.020458587199550952,0.0209465294263261,0.020254121757780064,0.0209465294263261
2019-11-09,0.02095077161981686,0.02100919070025985,0.020895330688877348,0.020907716804931597
2019-11-11,0.020905734384615043,0.021371822850068705,0.020905734384615043,0.021216980733317993
2019-11-13,0.021213622758185065,0.021452082286294517,0.021213622758185065,0.021381198795330777
2019-11-15,0.021382301178198976,0.021485069203142654,0.021154706339509728,0.021485069203142654
2019-11-17,0.02148089449306745,0.02176620150105404,0.02148089449306745,0.02176620150105404
2019-11-19,0.021757113278936473,0.021757113278936473,0.021555753850924786,0.021568960984737193
2019-11-21,0.02157088901199204,0.0216245590125331,0.020326170128421424,0.02058569083784393
2019-11-23,0.02059384079662106,0.021044031237872175,0.020173189739094093,0.020263597573839855
2019-11-25,0.02028499623366549,0.020642042505181285,0.020194227714432477,0.020642042505181285
2019-11-27,0.02063908854612958,0.02063908854612958,0.02024399235038302,0.020319192022486877
2019-11-29,0.020324230767030764,0.020324230767030764,0.01989353853517266,0.02009021935374564
2019-12-01,0.020063594488036584,0.020514525882786912,0.020063594488036584,0.020391485866812675
2019-12-03,0.020366049741712567,0.020366049741712567,0.019634855847433318,0.020222376650451703
2019-12-05,0.020212951431264507,0.020212951431264507,0.019691266952672957,0.019730021397832642
2019-12-07,0.01972305945974959,0.020053306173416902,0.019625333938714042,0.020028371754386605
2019-12-09,0.020036199185269027,0.02017156625975859,0.019774887185750382,0.020160589330845465
2019-12-11,0.020152772806357386,0.020152772806357386,0.019655818284715448,0.02012528753018741
2019-12-13,0.020128897278634292,0.020133031240369362,0.019868909179349747,0.020059344409163637
2019-12-15,0.020052735354690186,0.020052735354690186,0.01894349251465577,0.019240350661059988
2019-12-17,0.01923993114267617,0.01923993114267617,0.018073321717175447,0.01823348923522319
2019-12-19,0.018231606848136708,0.018231606848136708,0.017764739091434847,0.017852424408465475
2019-12-21,0.017850562036822,0.017859942318434636,0.01762637672785753,0.01762637672785753
2019-12-23,0.01761211511326326,0.017670590166281648,0.017376183843771358,0.017602680580470823
2019-12-25,0.0175998781366627,0.01777510973162357,0.01730505033899478,0.01744506105562846
2019-12-27,0.017439672858475502,0.01764220025190503,0.01738627928641529,0.017522091828994193
2019-12-29,0.017524180492895825,0.018416826128135572,0.0174775134314938,0.018167827908679986
2019-12-31,0.018159180287841296,0.01824726142089297,0.01793480459936906,0.01793480459936906
2020-01-01,0.017940230170612928,0.01834136320924091,0.01792204567589732,0.01825735221601294
2020-01-03,0.01825981027422114,0.01836278367626311,0.018237184772295374,0.018252742793013907
2020-01-05,0.018245561536604355,0.018576762813234865,0.018245561536604355,0.018576762813234865
2020-01-07,0.018569898863591727,0.018569898863591727,0.01742001814717646,0.017479262800281083
2020-01-09,0.01748116585852735,0.017786793906306133,0.017440402760751737,0.017659074436073712
2020-01-11,0.017677903809826798,0.01792613783133473,0.017677903809826798,0.01792613783133473
2020-01-13,0.01791394522097686,0.01921073813125726,0.017673656736791242,0.018798318403322366
2020-01-15,0.018805401986174503,0.019335188656494674,0.018437708184829368,0.018811327878013824
2020-01-17,0.018816472559645494,0.01997441933192295,0.01869730527294938,0.01953901024686719
2020-01-19,0.019542050214255202,0.019542050214255202,0.01893345085940943,0.019319001712492505
2020-01-21,0.019307122672807348,0.019465608152141715,0.019307122672807348,0.019362927580422174
2020-01-23,0.019365570606312773,0.0193767343244497,0.01879481646067253,0.019263311847559906
2020-01-25,0.019256482201012,0.019494842893423677,0.019066198410201265,0.019480867192520093
2020-01-27,0.0194937703514503,0.0194937703514503,0.018725627370761888,0.018725627370761888
2020-01-29,0.018734637192797107,0.019533312795605447,0.018585755221230616,0.019425927270928265
2020-01-31,0.01941165904092076,0.01956548105360382,0.019026159610452974,0.01956548105360382
2020-02-02,0.0195631997756773,0.020427907232051293,0.0195631997756773,0.02040719035102533
2020-02-04,0.020410560344827584,0.02128380453251991,0.020300754985617682,0.021214929070380525
2020-02-06,0.021209004756457966,0.022761269744804993,0.021063693409508127,0.022761269744804993
2020-02-08,0.022761176908448515,0.022958690691200836,0.022077482396717578,0.022502614281537898
2020-02-10,0.022504866382273878,0.02317141594848308,0.02222308407319101,0.02317141594848308
2020-02-12,0.0231721414368159,0.02645181839006037,0.0231721414368159,0.026217915298708372
2020-02-14,0.02622026655528647,0.027886043203654415,0.025748358372645944,0.026746803422807375
2020-02-16,0.026727867356789222,0.027628861197262676,0.02457668334346661,0.027628861197262676
2020-02-18,0.027629246824877243,0.02789589338550706,0.026860268317964335,0.026947083298064216
2020-02-20,0.02694347014823286,0.027500753504885116,0.02613887978513361,0.027406702629800973
2020-02-22,0.027406038887002805,0.02763535535828755,0.02676438154750965,0.02763535535828755
2020-02-24,0.027630560113619494,0.027740188939082144,0.026452398344290237,0.026483093526146008
2020-02-26,0.02646301847430942,0.026784958714441576,0.024560182481944578,0.025830977484563457
2020-02-28,0.02581567201846569,0.026512981071206476,0.025339390131183505,0.025485647537869013
2020-03-01,0.02548628819286376,0.02613618568840428,0.025159843818633808,0.026029746038403183
2020-03-03,0.026029351985534264,0.026101302795899794,0.025406511400161504,0.025642248047299303
2020-03-05,0.025630713470396208,0.026818678495310062,0.02521521128795371,0.026818678495310062
2020-03-07,0.026812861721235457,0.027447534430106474,0.024497366533097694,0.024819339324766144
2020-03-09,0.024822588045008125,0.0255607043091538,0.024822588045008125,0.025421160802471875
2020-03-11,0.025422067071403345,0.025422067071403345,0.021643709516272074,0.022766654179063966
2020-03-13,0.022766654179063966,0.024682761884312062,0.022766654179063966,0.023646717994451723
2020-03-15,0.023656510795426203,0.023656510795426203,0.022111391744160595,0.022111391744160595
2020-03-17,0.022073121178184555,0.022217280996637324,0.021756776262880945,0.021905956767135155
2020-03-19,0.021893626036042606,0.022443853462334212,0.020383125468451464,0.021470729677761837
2020-03-21,0.02147728617940258,0.0214825503358569,0.021019610805817567,0.021019610805817567
2020-03-23,0.021023582560447528,0.02108684200298833,0.02053187148377853,0.02053187148377853
2020-03-25,0.020533084384770348,0.02065600018837048,0.02036177035028267,0.020581661443514816
2020-03-27,0.02058546392267863,0.021003641457366485,0.02058546392267863,0.021003641457366485
2020-03-29,0.020991444659953697,0.021189362956876956,0.02042637109641351,0.020655409634924377
2020-03-31,0.020650853076906867,0.020899711450717878,0.020435887544075857,0.020435887544075857
2020-04-02,0.02042155648741428,0.02099685358722209,0.02042155648741428,0.02099685358722209
2020-04-04,0.02099367541044542,0.02112148761944861,0.020885641947333753,0.02106974825937378
2020-04-06,0.02106710593970225,0.023672013687516567,0.02106710593970225,0.022848415955849813
2020-04-08,0.022842181543561733,0.023537546852346783,0.022842181543561733,0.023256196286406735
2020-04-10,0.02324659180801118,0.023322805060414946,0.022558660107423956,0.02301597036884345
2020-04-12,0.023040979488475156,0.02308349379623865,0.02283760699407435,0.022842055260404674
2020-04-14,0.022842679351863016,0.02331792633538045,0.022842679351863016,0.023068832764175286
2020-04-16,0.023069238674349363,0.02447261069715843,0.022887587216614835,0.024298299339435753
2020-04-18,0.02430011819372677,0.026179028301060194,0.02430011819372677,0.02529915560789885
2020-04-20,0.025288498663719988,0.02583483668638152,0.024630122610348946,0.024955625245488035
2020-04-22,0.02495534699859248,0.025729506718574015,0.02472979673441742,0.02472979673441742
2020-04-24,0.024712557613271437,0.025756724675159506,0.024712557613271437,0.025756724675159506
2020-04-26,0.025751624377550974,0.025928239060956967,0.024829656248076554,0.025257956086095
2020-04-28,0.025264273631280577,0.025465490821629216,0.024462164354017952,0.02453825084461886
2020-04-30,0.02454821928976406,0.02454821928976406,0.02390250531799448,0.024027307002120753
2020-05-02,0.02401772564323689,0.024027940739751792,0.02352620281264648,0.023600237304517036
2020-05-04,0.023586700955489134,0.023586700955489134,0.022753099574023168,0.022753099574023168
2020-05-06,0.022756983653176927,0.022756983653176927,0.02124179045089192,0.02124179045089192
2020-05-08,0.021237453974064822,0.022010063839666118,0.021237453974064822,0.022010063839666118
2020-05-10,0.02203784495768631,0.022261122058989932,0.021109665513063085,0.021691222363903417
2020-05-12,0.02168977370857159,0.02176596752326451,0.021385602185336968,0.02145902476933051
2020-05-14,0.02144956209289875,0.02144956209289875,0.020735796544888475,0.020910430701710343
2020-05-16,0.020903132140954933,0.021410015761514863,0.020903132140954933,0.021410015761514863
2020-05-18,0.021385265288837937,0.02210977585081344,0.021385265288837937,0.021949420544907068
2020-05-20,0.021963145269641576,0.02210571227093293,0.021733992386796207,0.021923451149899475
2020-05-22,0.021919601273171142,0.022690730868656053,0.021919601273171142,0.022512706018330653
2020-05-24,0.022503845536985097,0.022977572943417873,0.022503845536985097,0.02293088539445539
2020-05-26,0.022934234988555634,0.022934234988555634,0.0225913704064209,0.022627171986212634
2020-05-28,0.0226338191569687,0.023414130135901944,0.022447064854180517,0.023409112492022155
2020-05-30,0.023397098515788004,0.025364799726417833,0.023397098515788004,0.02450431000269871
2020-06-01,0.024497827872670155,0.024960747803885238,0.02414850958867538,0.024960747803885238
2020-06-03,0.0249697857189003,0.02531370048978952,0.024834710997003656,0.024834710997003656
2020-06-05,0.024831033993336325,0.02515039892905361,0.024831033993336325,0.02501296942936837
2020-06-07,0.02501366125162397,0.02520314316059989,0.024988073803119567,0.02520314316059989
2020-06-09,0.025200090558832836,0.02526457489515414,0.024948137591984373,0.025083281173363066
2020-06-11,0.025090754006112256,0.025097630660253757,0.024682952063299898,0.025097630660253757
2020-06-13,0.02510300426123418,0.025168060013465374,0.0247960879760571,0.0247960879760571
2020-06-15,0.02479378258444156,0.02479378258444156,0.024383446157486284,0.0247001885260204
2020-06-17,0.02470016870839685,0.024788221515705613,0.024528215889724973,0.024642218556907743
2020-06-19,0.024642823051091865,0.024642823051091865,0.02445057014818349,0.02445057014818349
2020-06-21,0.02445218371733575,0.02522668389647304,0.02445218371733575,0.02510401088256756
2020-06-23,0.025099304981217315,0.02576695463597477,0.02508002644352047,0.025237149980407946
2020-06-25,0.02524467081327219,0.025268178788084503,0.02506241983321759,0.02506241983321759
2020-06-27,0.025059515667111995,0.025158122775122742,0.024328639795655093,0.024654915104755416
2020-06-29,0.024674057878293184,0.02490446816891571,0.024511140129061165,0.02468574881911186
2020-07-01,0.024683466018365373,0.02505335912233923,0.02465320939442275,0.02490624280892448
2020-07-03,0.024903174789096184,0.02512619376336637,0.024819663585767003,0.025090352729836722
2020-07-05,0.02509013313611895,0.02585187352533863,0.025054193706055106,0.02585187352533863
2020-07-07,0.025861142005177366,0.026275433551248836,0.025483028607157735,0.02618213022468651
2020-07-09,0.026175866954437722,0.026219549957892253,0.0258509433465317,0.025968356179906227
2020-07-11,0.025965779328544707,0.0261019082740609,0.025821729513261872,0.0261019082740609
2020-07-13,0.026097622908641926,0.026239932242649595,0.025770795219401666,0.025979084799944676
2020-07-15,0.025971325129066632,0.026036207409707933,0.02546654585657404,0.025560011574882066
2020-07-17,0.025564839284902816,0.025720649240981983,0.025411118443190706,0.025686597789854163
2020-07-19,0.025684840070486464,0.025996172123279097,0.025598957870092264,0.025765271393373545
2020-07-21,0.025767924979237897,0.028163545874971684,0.025746749373244057,0.027715568298667025
2020-07-23,0.027714180473027615,0.029828733527734866,0.02750834517632284,0.029271344124648453
2020-07-25,0.029274312957541994,0.03180097921370027,0.029274312957541994,0.03131397502425111
2020-07-27,0.03132587261284564,0.03133516871534916,0.02893863637222556,0.02903984669477323
2020-07-29,0.02903857726335736,0.030603603341906333,0.02863444151994021,0.03013015650725252
2020-07-31,0.030125604225042985,0.033147544431591125,0.029908525546580925,0.03279478855763245
2020-08-02,0.032800515460862475,0.034809084118034225,0.03081976798367759,0.03437119412355991
2020-08-04,0.034376263317887436,0.03534705158091448,0.03412908460071901,0.03412908460071901
2020-08-06,0.03412613084646345,0.03412613084646345,0.031974574010481524,0.03271834053610692
2020-08-08,0.03271716550594504,0.03396017809191648,0.03261389515098275,0.03340315674846908
2020-08-10,0.03340080625290881,0.03350522465142731,0.0327768905713986,0.033263003841162306
2020-08-12,0.033270816650510675,0.03668081573172695,0.03274022915650137,0.03602422101987949
2020-08-14,0.036026322102445295,0.037551043117314026,0.03582189947355054,0.03647414619256039
2020-08-16,0.036480811992538914,0.036598959986532925,0.03506701741810856,0.03506701741810856
2020-08-18,0.03506530761173156,0.035513764110071296,0.034023826183397284,0.03465980936637151
2020-08-20,0.034657587331104314,0.03527863230876635,0.03350048042734431,0.033656527354113855
2020-08-22,0.03364871779306039,0.03418687192644858,0.03329273015008715,0.0335508041700328
2020-08-24,0.033533266071723924,0.03483648491182853,0.033234147961061264,0.03383982427267838
2020-08-26,0.03383386131612714,0.034244043237254135,0.033388411480041326,0.033853136129798185
2020-08-28,0.03385283947127848,0.03503154885248845,0.03364062251144831,0.0347313943860149
2020-08-30,0.034732490241644695,0.037265588624403184,0.03473222158361976,0.037220557905186615
2020-09-01,0.037217034247211324,0.04051858317134256,0.037217034247211324,0.03860578898201381
2020-09-03,0.03860324156154539,0.039294879097455,0.03622985471222748,0.03714789438598435
2020-09-05,0.03717764192782121,0.037322327861669474,0.03147423808230513,0.034389442868994126
2020-09-07,0.03439635302151271,0.03443984597804899,0.032704499259475904,0.03332609990670608
2020-09-09,0.03332501392944701,0.03600228713012818,0.03311036085886634,0.035571740636335586
2020-09-11,0.03556025474185859,0.037123287441754055,0.03486760872547674,0.037123287441754055
2020-09-13,0.037120451471676294,0.037120451471676294,0.03460804369316902,0.0353307552595094
2020-09-15,0.03533525383954899,0.03533525383954899,0.03328425078323467,0.03333796576156321
2020-09-17,0.03334228772444273,0.03572124572129325,0.03334228772444273,0.035174265284319745
2020-09-19,0.03516469048146414,0.03516469048146414,0.03390294284958374,0.033942520494711616
2020-09-21,0.03397425948283637,0.03427414540357702,0.032155933935585156,0.0326773376313344
2020-09-23,0.032685323648792994,0.032721689585933585,0.030876749240597204,0.03247818485328119
2020-09-25,0.032483374646192976,0.03327111799020596,0.03198610016699789,0.03300047548901867
2020-09-27,0.032987233416055334,0.033648448945472836,0.03274695323828492,0.03309312121544355
2020-09-29,0.03308601611128457,0.033387457647009434,0.032913699872904566,0.033387457647009434
2020-10-01,0.033390605906726864,0.03387338626821867,0.032197305442297465,0.03268825175532697
2020-10-03,0.03269739822374462,0.033130577812330024,0.03268313139885949,0.03302483421061015
2020-10-05,0.033024689333462025,0.033024689333462025,0.031984802160942745,0.032131096533305675
2020-10-07,0.032137429000964925,0.03224031599779918,0.0315497897044014,0.03213527096437605
2020-10-09,0.03212679825263592,0.03317771810727732,0.03204046984074829,0.03280363100582391
2020-10-11,0.032803544832123284,0.03368735833245957,0.03267948162410153,0.0335254831684503
2020-10-13,0.03352089183928744,0.033545928771044904,0.033045011645292624,0.03315744207268792
2020-10-15,0.0331549588209218,0.0331549588209218,0.032250773907465766,0.03227850085139766
2020-10-17,0.03226743923044315,0.03288244967214613,0.03226743923044315,0.03288244967214613
2020-10-19,0.0328786635226271,0.0328786635226271,0.030931782089490906,0.030931782089490906
2020-10-21,0.030929000036270148,0.03193457531904735,0.030393503088644823,0.03193457531904735
2020-10-23,0.031929352534272995,0.032181001640196945,0.03142887776670469,0.03142887776670469
2020-10-25,0.031428422886653186,0.031428422886653186,0.02989496169270512,0.030073859277793623
2020-10-27,0.0300726626589675,0.0300726626589675,0.02925076113095216,0.02925076113095216
2020-10-29,0.02925049694568703,0.02933079941931565,0.02820608711191023,0.02820608711191023
2020-10-31,0.028200398395000447,0.028828039700926615,0.027952986482176957,0.028828039700926615
2020-11-02,0.02882695095855913,0.029230521354818805,0.027662153722204146,0.027662153722204146
2020-11-04,0.027660476958565553,0.02865548332131765,0.026701596898114313,0.02672412039723278
2020-11-06,0.026734179615644515,0.0297274906075506,0.026734179615644515,0.02936390779276048
2020-11-08,0.029359280991147863,0.02940579787177158,0.02900364640276963,0.02900364640276963
2020-11-10,0.02898984713434116,0.02980884484318081,0.02898984713434116,0.02952513199619628
2020-11-12,0.02952540028006951,0.02952540028006951,0.028386146890691015,0.02919691949674874
2020-11-14,0.029195727015822227,0.02924638997521858,0.027840297337946057,0.028089360836794697
2020-11-16,0.028089601822380232,0.028089601822380232,0.027128723836862958,0.02729621151114288
2020-11-18,0.027303339250706445,0.027303339250706445,0.026447734259078263,0.0264737829356801
2020-11-20,0.02647276937523771,0.029544696656970595,0.02647276937523771,0.029544696656970595
2020-11-22,0.029541889981751977,0.03312973224356384,0.02902181945051242,0.03312973224356384
2020-11-24,0.03313848982616108,0.03313848982616108,0.029954535611428034,0.03037168591450925
2020-11-26,0.030399294159996454,0.03050995916186446,0.029615249435283496,0.030261319938529423
2020-11-28,0.0302550819811646,0.031694781387421524,0.029917729354472605,0.031694781387421524
2020-11-30,0.03169573849175204,0.031955476296768294,0.031055466850617035,0.03120643437345906
2020-12-02,0.031198396067916835,0.03183885076924646,0.03105075832938539,0.03170456986168679
2020-12-04,0.031707618783341135,0.03174826494985103,0.030320517288611445,0.03117395821821118
2020-12-06,0.031172384134958382,0.03126779035663585,0.030840919137291683,0.030840919137291683
2020-12-08,0.0308375595981207,0.03103031537995942,0.030072301508959613,0.03090744046848991
2020-12-10,0.030905965690798284,0.031015215974867557,0.03017601427431989,0.03017601427431989
2020-12-12,0.030198982404493657,0.03082473717117617,0.030111602639431863,0.03082473717117617
2020-12-14,0.03081658067216628,0.03081658067216628,0.030298985687602274,0.030298985687602274
2020-12-16,0.03030030260182014,0.03030030260182014,0.028188156172471016,0.028188156172471016
2020-12-18,0.02818446968945973,0.02853594285081138,0.027621286657930573,0.027621286657930573
2020-12-20,0.02761554367787231,0.02761554367787231,0.026751943334644014,0.026751943334644014
2020-12-22,0.02674022607181937,0.026779238729363917,0.02437884939744189,0.025182306063297275
2020-12-24,0.02520077922357474,0.025866894158834353,0.02490200183283594,0.025368734608124898
2020-12-26,0.025360302149804684,0.026052660365935686,0.024056867665590564,0.026052660365935686
2020-12-28,0.026066789981369434,0.027188694453124163,0.026066789981369434,0.026735488066699883
2020-12-30,0.026735936999071095,0.026735936999071095,0.025454053900642166,0.025454053900642166
2021-01-01,0.025465272079879003,0.025465272079879003,0.023717522833498834,0.024059916111485575
2021-01-03,0.024067001683361493,0.034725806002432164,0.024067001683361493,0.03254567124354154
2021-01-05,0.03252727999187942,0.032948836536684394,0.03172055507374672,0.03286991228190312
2021-01-07,0.03289002800322749,0.03289002800322749,0.029019709317052292,0.02994075488652439
2021-01-09,0.0299405976830108,0.03335959714452843,0.0299405976830108,0.032879748945239144
2021-01-11,0.0328814890328995,0.03292964529702338,0.029901549561074988,0.03084508643787571
2021-01-13,0.030865303007887628,0.03145960969051636,0.029593432302522437,0.03145960969051636
2021-01-15,0.03146976239382686,0.03410430633415671,0.030999051399920072,0.03407771359352648
2021-01-17,0.03409571925517671,0.03443894036256631,0.03368998812234221,0.03436111374098476
2021-01-19,0.03435342483009754,0.038782618211209194,0.03435342483009754,0.038782618211209194
2021-01-21,0.03878563217848573,0.039017226245737224,0.03589036629235845,0.03737981609621363
2021-01-23,0.0373832682127199,0.04316991013907586,0.0373832682127199,0.04316991013907586
2021-01-25,0.043167502677570226,0.043167502677570226,0.04037001960215751,0.04207468119043562
2021-01-27,0.04206687904038671,0.042225529150256916,0.0398433986088178,0.0398433986088178
2021-01-29,0.039850216184905286,0.04038317147730816,0.037361717135073455,0.04020796550389649
2021-01-31,0.04021706724905643,0.04098552812212947,0.039324038914809824,0.04098552812212947
2021-02-02,0.0410000363901236,0.044331423526067525,0.040669353450502106,0.04427619849864174
2021-02-04,0.044268060641069945,0.04598908550176957,0.04299317013704349,0.04492463020533116
2021-02-06,0.044908098818900774,0.044908098818900774,0.03992866596013577,0.04155851372973073
2021-02-08,0.041554354746597494,0.041554354746597494,0.03775431823979736,0.038104877107546196
2021-02-10,0.03809470573328106,0.03886026059381777,0.03724566269650433,0.03724566269650433
2021-02-12,0.03723311343743278,0.038947207140362795,0.03723311343743278,0.03849206166466347
2021-02-14,0.03847834787264965,0.03847834787264965,0.03623832110820586,0.03712506951354366
2021-02-16,0.03713068255277691,0.03713068255277691,0.03526106281179931,0.03550541682870487
2021-02-18,0.03550912616563755,0.03760227985776527,0.034976742158415064,0.034976742158415064
2021-02-20,0.034976449982327774,0.035486399801901124,0.03354756855372704,0.03366674760540763
2021-02-22,0.033669889594900096,0.03367593708012544,0.030114046959258536,0.03225936213936555
2021-02-24,0.03225205430954544,0.033323063258557176,0.031227082498215843,0.031494867044266454
2021-02-26,0.03149001829844051,0.03227370635179869,0.03118791300840753,0.03163623003234679
2021-02-28,0.03165071586802872,0.031665188906144115,0.03004834777204062,0.031665188906144115
2021-03-02,0.031667623623744624,0.031959851219289154,0.030656240599755576,0.03111872476463867
2021-03-04,0.031126461769316282,0.03184023900703801,0.031126461769316282,0.03135773118050529
2021-03-06,0.03134774255326565,0.033979918981305174,0.03134774255326565,0.033901766247457076
2021-03-08,0.03389583809639545,0.03517779955947389,0.033728851314196506,0.034083858939773296
2021-03-10,0.034082569477580885,0.034082569477580885,0.031606974920189594,0.031606974920189594
2021-03-12,0.031576765915459416,0.031713652214545966,0.030810243626078482,0.03141260949136145
2021-03-14,0.03141032996079593,0.032268698071274464,0.031143104337267503,0.032268698071274464
2021-03-16,0.03225646667020861,0.03225646667020861,0.0309711851408104,0.0309711851408104
2021-03-18,0.030956579429047976,0.03114787398863832,0.0307969877549512,0.03114787398863832
2021-03-20,0.0311631949566255,0.03148859743987301,0.030990561591262067,0.031091716162084913
2021-03-22,0.031087489289831013,0.03117011599713377,0.03068339575678706,0.03068339575678706
2021-03-24,0.030699830341929097,0.030922691371878787,0.029912670452362934,0.030922691371878787
2021-03-26,0.03092308530167988,0.030956485079874904,0.030586208150367965,0.030685512483266925
2021-03-28,0.030690171637089383,0.0315172204690524,0.03023852236136775,0.0315172204690524
2021-03-30,0.03151348987910323,0.03265686286099122,0.031185002005226573,0.03265686286099122
2021-04-01,0.03265977998165344,0.036178522777264466,0.03255185535185753,0.036178522777264466
2021-04-03,0.0361817473460883,0.0361817473460883,0.03505771553479085,0.03566957609910266
2021-04-05,0.035668349508458826,0.03641683505646893,0.035247121588448456,0.03641683505646893
2021-04-07,0.03642381252735815,0.03642381252735815,0.03480746799656163,0.03583753772393349
2021-04-09,0.035843876289380634,0.035861883388510124,0.03552204373183745,0.035684197495340984
2021-04-11,0.035685668926656984,0.035928671512329036,0.03540389708075079,0.03572936472225948
2021-04-13,0.03573214147088196,0.038627207644583765,0.035723333743518625,0.038627207644583765
2021-04-15,0.038626275113268625,0.040069817095752865,0.038377392202921,0.03949687160180075
2021-04-17,0.03949586875725806,0.03991185275002371,0.03860470181800128,0.03983269082758401
2021-04-19,0.0398463025226627,0.04128358206841967,0.03779295589999892,0.04128358206841967
2021-04-21,0.04128195719433928,0.04769703030920786,0.04128195719433928,0.04641778218490668
2021-04-23,0.046406349318412005,0.04685440575999033,0.04299263514031484,0.04423946873601282
2021-04-25,0.04422467823971341,0.04727721594455625,0.04422467823971341,0.046873976105833444
2021-04-27,0.04688673575209586,0.0501241769242687,0.0465871516601112,0.0501241769242687
2021-04-29,0.050127938228569396,0.051483203374440234,0.04804456276173045,0.04804456276173045
2021-05-01,0.04804795035804182,0.052133333115529076,0.04804795035804182,0.052133333115529076
2021-05-03,0.05214344981481517,0.06174878247281468,0.05214344981481517,0.060857346827907464
2021-05-05,0.060866010596751764,0.061884526689014376,0.06046388356547721,0.061884526689014376
2021-05-07,0.06187959310570191,0.06654416197757634,0.06062576138630323,0.06642809872998821
2021-05-09,0.06643433716664997,0.07070841268351713,0.06620912896151664,0.07067808106625305
2021-05-11,0.07068653115484094,0.07736329883946559,0.06897501205916184,0.07736329883946559
2021-05-13,0.07737733195856587,0.0817900809249783,0.07484249971437675,0.0817900809249783
2021-05-15,0.08178091356802758,0.08178091356802758,0.0761451147497938,0.07718235602154253
2021-05-17,0.07716876301021013,0.07873220065055117,0.07366136911329621,0.07873220065055117
2021-05-19,0.0787335090994921,0.07903967855141646,0.0616048403803156,0.06833020879276802
2021-05-21,0.06833541844196399,0.06976284416730595,0.061145856620198225,0.06128212844013201
2021-05-23,0.061281262351098896,0.06823681642682884,0.05556212033153994,0.06823681642682884
2021-05-25,0.06823663397300755,0.07354224644302394,0.065317356357017,0.07354224644302394
2021-05-27,0.07353124647898121,0.07353124647898121,0.0671062918198865,0.067641772194199
2021-05-29,0.06762305905739126,0.06898809261063193,0.06531604253085446,0.06692489301844257
2021-05-31,0.066935963618279,0.07263628037179864,0.06653373391053685,0.07181142774081054
2021-06-02,0.07181104997894633,0.07330544736231479,0.07104161128747402,0.0728200001873598
2021-06-04,0.07280204395064743,0.07427464641251773,0.07178715631859216,0.07400041055841432
2021-06-06,0.07399252040847912,0.07741110044994702,0.07399252040847912,0.0771925582832891
2021-06-08,0.07722604414059413,0.07722604414059413,0.0698168239811367,0.0698168239811367
2021-06-10,0.06979847940936171,0.06979847940936171,0.06308209917177075,0.06308209917177075
2021-06-12,0.06307780538325845,0.06671485685502616,0.06307780538325845,0.06432112518344894
2021-06-14,0.06432048163875248,0.06432048163875248,0.06331293327920312,0.06331293327920312
2021-06-16,0.06332750160399529,0.06332750160399529,0.06171037556276084,0.06230594858347511
2021-06-18,0.062290021039315274,0.06251894136695786,0.06046334499332735,0.06098364983081891
2021-06-20,0.061005804149455806,0.06319318159249279,0.059618944247006,0.059618944247006
2021-06-22,0.05964236848044642,0.05993085501652311,0.05717504102274791,0.058449871470829966
2021-06-24,0.05842409784780857,0.05842409784780857,0.057198997072339504,0.05725900300867168
2021-06-26,0.057268428565583465,0.057268428565583465,0.05647163556711296,0.05721112932029661
2021-06-28,0.057189505643308824,0.06130891977622134,0.057189505643308824,0.06032654249649673
2021-06-30,0.06032430959871676,0.06497283226564685,0.06032430959871676,0.06283158263566355
2021-07-02,0.06288099367334117,0.06420551993907977,0.06165933513092945,0.06420551993907977
2021-07-04,0.0642249363451693,0.06643942434385812,0.06369088220431579,0.06520828367238546
2021-07-06,0.06519357039263556,0.06874375624375624,0.06519357039263556,0.06837756171078486
2021-07-08,0.06841521556944737,0.06851419023849713,0.06349781319496198,0.06349781319496198
2021-07-10,0.06348592536683095,0.06401188127395314,0.06244047803408382,0.06250212122912976
2021-07-12,0.062496589092040374,0.06255997945240693,0.05929999478272733,0.05929999478272733
2021-07-14,0.05926323659847091,0.06147218159212525,0.05905978905318658,0.06020916112676799
2021-07-16,0.060197026301594944,0.06092885226919557,0.05924207194255219,0.060257659181442644
2021-07-18,0.06027165790127409,0.06147565143915952,0.05898249806500372,0.05898249806500372
2021-07-20,0.058979780666051994,0.06211783742993508,0.05866109826427791,0.06211783742993508
2021-07-22,0.062116509413192994,0.06333477493678068,0.061409837744574744,0.0631654122710077
2021-07-24,0.06316452699513071,0.06376946456130463,0.0619005713446191,0.0619005713446191
2021-07-26,0.06187909362840481,0.06187909362840481,0.05826513206964191,0.05826513206964191
2021-07-28,0.05827801818052839,0.05953846150963695,0.057380283867293984,0.05953846150963695
2021-07-30,0.05953778389385879,0.061063002928264214,0.05833799183938655,0.061063002928264214
2021-08-01,0.061052109930377955,0.06660793622072773,0.061052109930377955,0.06660793622072773
2021-08-03,0.06661312916803762,0.0693503686010302,0.06500774525134022,0.06858389329022702
2021-08-05,0.06857266103329487,0.06919825486251216,0.06753032393362537,0.06753032393362537
2021-08-07,0.06748899754460225,0.0709270807405874,0.06748899754460225,0.06874886454651485
2021-08-09,0.06875923829933281,0.06923876630391455,0.06754962255407751,0.06890654023197725
2021-08-11,0.0689072219162413,0.07009660463587361,0.06805651934066935,0.06859274362645801
2021-08-13,0.06860628738807499,0.0696698391604886,0.06856913407154541,0.06933067233095393
2021-08-15,0.06932472423084302,0.07041468597759866,0.06838477662379273,0.0685267835875239
2021-08-17,0.06852814167941751,0.06981734997665265,0.06672834874527923,0.06743137418509257
2021-08-19,0.06747097871395576,0.06813048306219692,0.06660658067739766,0.06660658067739766
2021-08-21,0.06660876500394187,0.06660876500394187,0.0650779339572806,0.06576369455210476
2021-08-23,0.06575984937807135,0.06736986300408535,0.06575984937807135,0.06647075923317351
2021-08-25,0.06649293808464526,0.06649293808464526,0.06536026217785626,0.06601130549243427
2021-08-27,0.06601233690537035,0.06675169735229408,0.0657746226086679,0.06638708583250158
2021-08-29,0.06638245229244728,0.06870875080579328,0.06597827847582488,0.06870875080579328
2021-08-31,0.06872231085586042,0.07838711348024831,0.06830038266654301,0.07838711348024831
2021-09-02,0.0783875856896275,0.07896432489038652,0.07616878330683843,0.07876552315628636
2021-09-04,0.07876008723446361,0.07876008723446361,0.0763090373421771,0.0763090373421771
2021-09-06,0.07629953952530487,0.07629953952530487,0.07061100756146739,0.0733167613197
2021-09-08,0.07329066725695856,0.0759718057621009,0.07238192810511944,0.07382572939672989
2021-09-10,0.07382342382235399,0.07472339546994052,0.07119876373461437,0.07233006441305123
2021-09-12,0.07233214241769471,0.07470919287649129,0.07165938837974727,0.07308856455989728
2021-09-14,0.07307100847370036,0.0750910263092734,0.07191640944917956,0.0750910263092734
2021-09-16,0.07511348910755418,0.07580153855108165,0.07167228339098392,0.07189519921393173
2021-09-18,0.07188345324303784,0.07257695669334223,0.06995901592549345,0.07044732205032038
2021-09-20,0.07044477483178577,0.07116384850275073,0.06696887709221691,0.06797705529518523
2021-09-22,0.06791353146409627,0.07072048182570019,0.0674729029359968,0.07026346069293686
2021-09-24,0.07026360322654997,0.07026360322654997,0.06716765562690229,0.0684584985234297
2021-09-26,0.06846751852107481,0.07142133306610705,0.06718046856792485,0.0693557293332483
2021-09-28,0.06939665695969899,0.06947010561412614,0.06804704064090304,0.06862235589682064
2021-09-30,0.0686214657628019,0.06912304576920696,0.0684694026344356,0.06874344467115605
2021-10-02,0.06873565585340821,0.07176203778997865,0.06865839004277008,0.07090344796202887
2021-10-04,0.0708984636589473,0.0708984636589473,0.06825572100141529,0.06825572100141529
2021-10-06,0.06829382756908499,0.06829382756908499,0.06461164790052792,0.06670277671258926
2021-10-08,0.06669420480467256,0.06669420480467256,0.0650541559297267,0.0650541559297267
2021-10-10,0.06503716302117378,0.06503716302117378,0.0616138981008743,0.0616138981008743
2021-10-12,0.06161710099819895,0.06311159459129569,0.06152426496467447,0.06288674491497538
2021-10-14,0.0628869321652769,0.06610640590070013,0.06200160743141728,0.06275042378747527
2021-10-16,0.06273021935224503,0.0636380328205342,0.06182066525857643,0.06252306974234248
2021-10-18,0.06253101507093226,0.06253101507093226,0.060330595356989994,0.06033422106419892
2021-10-20,0.06032381461588937,0.06565568731041374,0.06027456745711794,0.06516475926983128
2021-10-22,0.06517124296819751,0.06798424993054486,0.06473415302435663,0.06798424993054486
2021-10-24,0.06800069525459376,0.06812553962382549,0.06649353967985701,0.06690554503363919
2021-10-26,0.06690798436320924,0.07016980638425167,0.06690798436320924,0.06710598615413373
2021-10-28,0.06711826142558208,0.07099024432676598,0.06711826142558208,0.07099024432676598
2021-10-30,0.07099561635714284,0.0711040910183669,0.069453285121557,0.06992056244675683
2021-11-01,0.0699213746950583,0.07262988896779282,0.06978250921831822,0.07262988896779282
2021-11-03,0.0726148494646234,0.07395581803748544,0.0726148494646234,0.07383380977104545
2021-11-05,0.0738426143775532,0.0738426143775532,0.07200807070021209,0.07349501909312094
2021-11-07,0.07350955120585446,0.07350955120585446,0.07117668709031916,0.07122782664944897
2021-11-09,0.07123327235362326,0.07133487240661565,0.07055027156682646,0.07133487240661565
2021-11-11,0.0713427087660157,0.07344498257974877,0.0713427087660157,0.07275288749625312
2021-11-13,0.07276652601684025,0.07276652601684025,0.07063901559742708,0.07063901559742708
2021-11-15,0.07063260092968246,0.07188670655047645,0.07000981043756548,0.07000981043756548
2021-11-17,0.07003067498567432,0.0712887117212838,0.06959467088178842,0.07007440847610207
2021-11-19,0.07010078838996288,0.07418396485530153,0.07010078838996288,0.07394315971905989
2021-11-21,0.07392492444487593,0.07392492444487593,0.07231613423636933,0.07262314149130376
2021-11-23,0.07263420650028696,0.07584711742252319,0.07263420650028696,0.07468897084014729
2021-11-25,0.07470955332365878,0.07695453605614273,0.07312390944514362,0.07518000331309839
2021-11-27,0.07519866102561718,0.07566902597163196,0.0740847439443693,0.07498555983948439
2021-11-29,0.0749894059350839,0.08135816056605528,0.0749894059350839,0.08135816056605528
2021-12-01,0.08131789418815139,0.08131789418815139,0.07940664348028487,0.07986007739082367
2021-12-03,0.07986519716241795,0.08587293016212809,0.07731914314676457,0.08373117757902883
2021-12-05,0.08373920416753405,0.08614800563791808,0.08295234893154067,0.08614800563791808
2021-12-07,0.08615583158446284,0.08789039189268628,0.08506061966861102,0.08789039189268628
2021-12-09,0.0878944144432998,0.08835187605491261,0.08269557764543448,0.08269557764543448
2021-12-11,0.0826650133536818,0.08282671433733953,0.08195246629180708,0.08247797119022428
2021-12-13,0.08249932280414378,0.08255874153723616,0.07960279898581461,0.07979162257612232
2021-12-15,0.07979975237752712,0.08322653000693288,0.07824353997884688,0.0830601762715735
2021-12-17,0.0830567831322393,0.08453334920765988,0.08133601272351186,0.08453334920765988
2021-12-19,0.0845682789923091,0.0845682789923091,0.08237603118126281,0.08411354399092139
2021-12-21,0.0841133326982085,0.0841133326982085,0.08116634712440854,0.08188565396712824
2021-12-23,0.0818781361299447,0.0818781361299447,0.0793835790755589,0.07965948430090597
2021-12-25,0.07964691750001573,0.08128116086537396,0.07964691750001573,0.08003781900186338
2021-12-27,0.08001234186250747,0.08001234186250747,0.07924399893059274,0.07978924888313729
2021-12-29,0.07976940915933296,0.07976940915933296,0.07806008439810566,0.07871016168168128
2021-12-31,0.07872683559292183,0.07956466495955532,0.07853029065783404,0.07956466495955532
2022-01-01,0.07955821696404783,0.08091932033916681,0.07878177305806085,0.08091932033916681
2022-01-03,0.0809485251835064,0.08258526574127531,0.0805561177658577,0.08258526574127531
2022-01-05,0.0825835359193653,0.0825835359193653,0.07778555371410698,0.07902205614692684
2022-01-07,0.07901778007940619,0.07917861506042391,0.0738881565187023,0.0738881565187023
2022-01-09,0.07389858624807782,0.0752785882243779,0.07369365954571777,0.07369365954571777
2022-01-11,0.07369748160257744,0.07712961847892222,0.07369748160257744,0.0767977694855867
2022-01-13,0.07678927606715069,0.07699189595312958,0.07614566146375563,0.07682337898017484
2022-01-15,0.07681576983906883,0.07805278372817501,0.07660910252436393,0.0775851785175321
2022-01-17,0.07759014444791361,0.07769221022334195,0.07375887339090183,0.07415861512837531
2022-01-19,0.0741532312742434,0.07528963434619772,0.07236359970376001,0.0725509105550993
2022-01-21,0.07257901852331072,0.07279949277606508,0.06332459052656862,0.0649302052116457
2022-01-23,0.06491939412764404,0.06679177689377065,0.06073855722435765,0.06363800557791
2022-01-25,0.06363019432019205,0.06855777741927284,0.06249558098897599,0.06408566524560279
2022-01-27,0.06692017707177836,0.067478186776094,0.06516731818413345,0.067478186776094
2022-01-29,0.06750304670698551,0.06885440550918641,0.06750304670698551,0.0686351703268364
2022-01-31,0.06864692266139992,0.07204077126591578,0.06760995951821244,0.07204077126591578
2022-02-02,0.07201048656808576,0.07298648698523855,0.0709365663873957,0.07227765482576241
2022-02-04,0.072272019859876,0.07299387643260502,0.07178898681778022,0.07278233000998117
2022-02-06,0.07278316298940082,0.07278316298940082,0.07161949613852088,0.07161949613852088
2022-02-08,0.07160224681152084,0.07307922277431891,0.07076238462506762,0.07307922277431891
2022-02-10,0.07308702324174003,0.07308702324174003,0.06856972210037193,0.06908629560154735
2022-02-12,0.06909124103775678,0.0694115922344849,0.0677130854146405,0.06828103787253623
2022-02-14,0.06827950191279482,0.07148300813557147,0.0680680947927851,0.07148300813557147
2022-02-16,0.07148137238384085,0.07155981779383912,0.07023521820524845,0.07136465831995761
2022-02-18,0.07140127833182902,0.07189179942295823,0.06799469133084644,0.06893160549669486
2022-02-20,0.06893881755687672,0.06989990426682337,0.06779306369639657,0.0693712357531086
2022-02-22,0.06939965624267408,0.07018209311620306,0.06877013509332783,0.06926597342635459
2022-02-24,0.06925391303367692,0.07144697223614924,0.06699818143631867,0.07059314123573172
2022-02-26,0.07058555443601575,0.07144809915805361,0.06911582914790065,0.06942244616930368
2022-02-28,0.06941473487039113,0.06941473487039113,0.06662803955180101,0.06700800908766251
2022-03-02,0.06700546085099986,0.06738826950228859,0.06658579171895686,0.06672661950972891
2022-03-04,0.0667267912878953,0.0677978722625517,0.06670092714982571,0.06764746185937452
2022-03-06,0.06766013746027162,0.06766013746027162,0.06555302455074664,0.06555302455074664
2022-03-08,0.06555907274315281,0.06669965041962851,0.06499832237795299,0.06499832237795299
2022-03-10,0.06502243007584751,0.06658823868547149,0.06502243007584751,0.06599708018644469
2022-03-12,0.06599806063460001,0.06658786446020488,0.06599806063460001,0.06658786446020488
2022-03-14,0.0665970637078793,0.06691575099652108,0.06527571157939993,0.0665571251814715
2022-03-16,0.066602446454406,0.06873127219529492,0.066602446454406,0.06873127219529492
2022-03-18,0.0687319813648913,0.07049939153856248,0.0687319813648913,0.06990974742920363
2022-03-20,0.06991221042975046,0.07131973719117234,0.06887448347435536,0.07046669303915094
2022-03-22,0.07047621508803129,0.07082268006731314,0.06989936218842366,0.07082011300251335
2022-03-24,0.07080087809477952,0.07080993041123615,0.07003077911568305,0.07003077911568305
2022-03-26,0.07001579235745542,0.07063359018724225,0.06997130818141935,0.0703483623569494
2022-03-28,0.07035345126211859,0.07239269055894687,0.07017279641669004,0.07168426227718719
2022-03-30,0.07168950522292092,0.07238498143352935,0.0716061209082347,0.07211293889417514
2022-04-01,0.07212236470356409,0.07519996390377201,0.07212236470356409,0.07519140594821729
2022-04-03,0.07518771558976718,0.07589582814025943,0.07491906004305092,0.07554694748840615
2022-04-05,0.07553988325595887,0.07553988325595887,0.07331454733663047,0.0733763514965578
2022-04-07,0.07337994789446962,0.07550656762914949,0.07337994789446962,0.07550656762914949
2022-04-09,0.07553177369568256,0.07638508620286875,0.07552601526803808,0.07598109682445249
2022-04-11,0.07597008585220955,0.07597008585220955,0.07513710257824664,0.07553065434688791
2022-04-13,0.07553500228854643,0.07580563231716357,0.07518943265075848,0.07563181693264875
2022-04-15,0.07562310578095006,0.07584294853918731,0.07486044074075615,0.07577093056363658
2022-04-17,0.07577965499438527,0.07594421587257169,0.07469542163750001,0.07488919856631387
2022-04-19,0.07487999294292345,0.07506898063568063,0.07413942775114331,0.07436974261851796
2022-04-21,0.07437084737029222,0.07483560751547866,0.07369622745619923,0.07459990402631271
2022-04-23,0.07461311364446746,0.07467225907240124,0.07403798083854608,0.07403798083854608
2022-04-25,0.07404028539606877,0.07454453393935721,0.0732121448765683,0.07368844607050563
2022-04-27,0.07370696032967829,0.07398777377376667,0.07342411124904323,0.07386143361487578
2022-04-29,0.0738638164737114,0.0738638164737114,0.07225196369527674,0.07242171660762538
2022-05-01,0.07242320224369889,0.07416463806500613,0.07242320224369889,0.07416463806500613
2022-05-03,0.07417456354957605,0.07418637194553815,0.07339975311820872,0.07409216321354514
2022-05-05,0.07409459070524921,0.07563269234015972,0.07409459070524921,0.07474873813670778
2022-05-07,0.0747536250880307,0.07485813251302385,0.07363101782274088,0.07403116767702415
2022-05-09,0.07400484429960384,0.07549713221796112,0.07390518519903652,0.07549713221796112
2022-05-11,0.07549527384478032,0.07623836963006138,0.06705927156521307,0.06756047166742546
2022-05-13,0.06753533538376473,0.06926610969081803,0.06744744836876752,0.06873107939657584
2022-05-15,0.06834069070548235,0.06891049726290155,0.06773026288223513,0.06773026288223513
2022-05-17,0.06771630849147502,0.06895374082175296,0.06661021535638793,0.06668450053937583
2022-05-19,0.06669650272762757,0.06712087583069182,0.06631067849354255,0.06708331019028047
2022-05-21,0.06707866659307075,0.0674369740263302,0.06691028696387052,0.0674369740263302
2022-05-23,0.06744446574093045,0.06815493592763484,0.06669039265225551,0.06676019585105708
2022-05-25,0.06676061139453918,0.06692280653047324,0.06137561023428404,0.06137561023428404
2022-05-27,0.06136755775920377,0.062015451071776334,0.060264138107042085,0.06170421695862109
2022-05-29,0.06170219219215079,0.06299864469212064,0.06108998028818123,0.06299864469212064
2022-05-31,0.06302499407846576,0.06302499407846576,0.060094324335849214,0.060967605808280284
2022-06-02,0.0609637254319436,0.0609637254319436,0.05936539064656253,0.0597592308760351
2022-06-04,0.059744264586316,0.060668737205621506,0.059298501376875486,0.060359070750583624
2022-06-06,0.06035565014470401,0.060448926553957144,0.05824589489385231,0.05824589489385231
2022-06-08,0.058259933881821234,0.05974286222927075,0.058259933881821234,0.05942516611154864
2022-06-10,0.05942530229793306,0.05942530229793306,0.053392006311106806,0.05393627087309622
2022-06-12,0.0539242581862055,0.05420636860821685,0.05307022746142827,0.05378061009124474
2022-06-14,0.05381508354948769,0.05480591759409801,0.050443231191999775,0.05480591759409801
2022-06-16,0.05481029065478892,0.05481029065478892,0.05188620927373451,0.05311661919685182
2022-06-18,0.053112589002051805,0.055650043337184464,0.05001148251815034,0.054829032091696685
2022-06-20,0.054838708107731976,0.05552431737714643,0.053551880835985964,0.05433383391530616
2022-06-22,0.054336669015829564,0.054373619450213434,0.05251798814561202,0.05422692736672809
2022-06-24,0.05421879176564037,0.058130944236444264,0.05421879176564037,0.057785840506927796
2022-06-26,0.05778546922234933,0.058533578381720325,0.05692614147819757,0.05751701581866402
2022-06-28,0.057506964682506545,0.05836076594462995,0.05470729618091658,0.05470729618091658
2022-06-30,0.054690644983278164,0.05494409580992627,0.05339033409899382,0.05494409580992627
2022-07-02,0.05496360342692847,0.05561075786814371,0.05410164221779029,0.05561075786814371
2022-07-04,0.05560732696113137,0.057074620638281226,0.054821429884869065,0.05610654520151309
2022-07-06,0.05610425682294444,0.05835609634963993,0.05610425682294444,0.05721753142239769
2022-07-08,0.05724826238305057,0.05724826238305057,0.05618520520940893,0.05638150630247915
2022-07-10,0.05638294323059928,0.05647709741408897,0.054339894581208394,0.05492462127649761
2022-07-12,0.054923997437000445,0.05508072831961909,0.05317542308910989,0.05508072831961909
2022-07-14,0.05509115760365382,0.0608279028324184,0.054622264424592094,0.059106143803024966
2022-07-16,0.0591139273328986,0.06596498545888514,0.058156712048338104,0.06435729987895134
2022-07-18,0.06435924544565133,0.07047472190530518,0.06431751713720942,0.06591723202576816
2022-07-20,0.0659241756593379,0.06855761089260352,0.064791406458244,0.06803762692177323
2022-07-22,0.06803516630060295,0.06942831540673218,0.067368234972231,0.0689763414911072
2022-07-24,0.06897503619813604,0.07232555865770063,0.06744599748261064,0.06762001937431476
2022-07-26,0.06760797763154561,0.07125802817661923,0.0654924415454729,0.07125802817661923
2022-07-28,0.07124712176047039,0.07407179371054005,0.07056419091983912,0.07239508020311397
2022-07-30,0.07240856446109331,0.0725216748548533,0.07072129192953362,0.07202408651588289
2022-08-01,0.07205811300093456,0.0725105491153713,0.06882816519112611,0.07094313824492188
2022-08-03,0.07093089901468193,0.07161151415504355,0.07005510120098236,0.07108854107496576
2022-08-05,0.07107207839071347,0.07494608164754614,0.07106508438356335,0.07366500397121209
2022-08-07,0.07366453145023098,0.07499472056965054,0.07301831069108092,0.07461378291241268
2022-08-09,0.07462759889303122,0.07788439306358381,0.0729343534003326,0.07737761127319664
2022-08-11,0.07739391005308671,0.0804088941216871,0.07739391005308671,0.08028005919697413
2022-08-13,0.0802662628112563,0.08116776894248591,0.07890768986895143,0.07961867268349701
2022-08-15,0.07962029017812161,0.07987516517763811,0.07826502013808367,0.07863216562044184
2022-08-17,0.0786554661287369,0.0801211646441863,0.07826811421711187,0.07957720916316971
2022-08-19,0.07960109552562637,0.07966605848933232,0.07336880884158821,0.07453619458423424
2022-08-21,0.074524949323829,0.07590886899158349,0.07315349540437219,0.07590886899158349
2022-08-23,0.07591461107129542,0.07752386326893211,0.07480869419160585,0.07752386326893211
2022-08-25,0.07752183217595464,0.07895945796008792,0.073882702744361,0.07448479972103146
2022-08-27,0.07450540199242317,0.07497680418765039,0.07293431736736747,0.07297299094480798
2022-08-29,0.07294116082761667,0.0780764403901246,0.07266454037532656,0.07696652523251835
2022-08-31,0.076917837798568,0.07917688237591533,0.076917837798568,0.07880932696855636
2022-09-02,0.07879049804774821,0.08073161435339604,0.07805050236866545,0.07852917482105713
2022-09-04,0.07852509647059297,0.08175244220016795,0.07852509647059297,0.08175244220016795
2022-09-06,0.08173681963660062,0.08518265391592114,0.08038533687033562,0.08451644884896428
2022-09-08,0.08445653723066557,0.08557226309568915,0.08044958289716955,0.08044958289716955
2022-09-10,0.08044436272342473,0.08207633604588564,0.08044436272342473,0.08090752699397824
2022-09-12,0.08092589590197496,0.08092589590197496,0.0766283713028488,0.07805544196190689
2022-09-14,0.07803961164586554,0.08141994455447102,0.07475398503474133,0.07475578531442831
2022-09-16,0.07474957863436424,0.07474957863436424,0.07131294090014496,0.07302132524730327
2022-09-18,0.0730167204263393,0.07307151878318015,0.06852366622396591,0.07043512886603215
2022-09-20,0.0704429589287908,0.07091746201872683,0.0672127796836702,0.06749127405797212
2022-09-22,0.06745063715656156,0.06977520930151423,0.06735066337953323,0.06878289598169411
2022-09-24,0.06880841436430864,0.06988687039870389,0.06811429417695518,0.06883210374872664
2022-09-26,0.06883722958131928,0.06959328971262214,0.06839183625424358,0.06959328971262214
2022-09-28,0.06958560023980036,0.06958560023980036,0.0678423151186652,0.06818195736445977
2022-09-30,0.06817824607527552,0.06865127137978093,0.06791300161012255,0.06791300161012255
2022-10-02,0.06792025134516053,0.06796073952422327,0.06654136190394368,0.06739711487726717
2022-10-04,0.06740802729244798,0.06763016481141224,0.06667446579751936,0.06707698716963166
2022-10-06,0.06707522422141861,0.06815564777195994,0.06707522422141861,0.06814909925683826
2022-10-08,0.06814681935092806,0.06815628339064783,0.06763566222371235,0.06805585124709837
2022-10-10,0.06806216207319381,0.068549475460096,0.06716553406973999,0.06716553406973999
2022-10-12,0.06715668038096397,0.06794237127569247,0.06551247269396096,0.06640331541884406
2022-10-14,0.0664090237297092,0.0677299084340157,0.0664090237297092,0.06686558867717736
2022-10-16,0.06686098487768072,0.06810533772879908,0.06684595605067582,0.06810533772879908
2022-10-18,0.06811158971714842,0.06813949946697802,0.0671204567895214,0.06717492113968772
2022-10-20,0.06717794794927201,0.0679166387399899,0.06716879971870678,0.0678163210364524
2022-10-22,0.0678134980129728,0.069698271875685,0.06769075143601658,0.069698271875685
2022-10-24,0.06969187863997801,0.07473151125323164,0.06907950685817738,0.0727011498544573
2022-10-26,0.0727011498544573,0.07592170657286379,0.07263715314552002,0.07461412646293392
2022-10-28,0.07461936338476823,0.07899779518738534,0.07388970161128806,0.07781389678992279
2022-10-30,0.07781930347933719,0.07852118828763612,0.07637818689048004,0.07673129288376503
2022-11-01,0.07672727609826642,0.07798762093624181,0.0748645883020841,0.07532572057474293
2022-11-03,0.07533129095548152,0.07874012050947722,0.07533129095548152,0.07775742629495634
2022-11-05,0.07776322694415158,0.07776322694415158,0.07485338418726625,0.07498730560360778
2022-11-07,0.07499901963316107,0.07644771653573786,0.07108723389344791,0.07193645330236441
2022-11-09,0.07193043189426097,0.07426429784192563,0.06867379578343881,0.07378009049361395
2022-11-11,0.07378927325924124,0.07568593238310059,0.07323013420939699,0.07481697219980282
2022-11-13,0.07479775972669475,0.07519152558403482,0.0738346164693827,0.0748360046557017
2022-11-15,0.07483982656844583,0.07542828938057548,0.07238463774701288,0.07299474828972526
2022-11-17,0.07297131108164717,0.07335553113040817,0.07191544678008704,0.07259319562809033
2022-11-19,0.07256802446884963,0.07332599053374214,0.06992154705908192,0.0701359261526347
2022-11-21,0.0701342963131571,0.07038037364909637,0.06880288794965575,0.07027501954193459
2022-11-23,0.07027839691781457,0.07251190034097431,0.06973083952904348,0.07251190034097431
2022-11-25,0.07251009177851621,0.07402086300233515,0.0716047161683213,0.07322707870269915
2022-11-27,0.07323397321154516,0.07371303151103847,0.0718686768324766,0.07201162313645772
2022-11-29,0.07201047811004113,0.07607250247193878,0.07189294419611243,0.07541842819880451
2022-12-01,0.07541516260207592,0.07588448168577859,0.07483391475268394,0.07579407607780003
2022-12-03,0.0757945638140233,0.07630103023791716,0.07325500790956437,0.07477496165364109
2022-12-05,0.07477546965845677,0.07495169683868294,0.0734057915758574,0.07439053935906123
2022-12-07,0.07440549520071212,0.07473539237555377,0.07272823046528709,0.07431154747574178
2022-12-09,0.07430157448643604,0.07472234500970229,0.07354606227701621,0.07393139666095935
2022-12-11,0.07393031770568209,0.07441027476683801,0.07345262276213849,0.0741229665455416
2022-12-13,0.07412955559687617,0.07518962276909069,0.0734364144009445,0.0734364144009445
2022-12-15,0.0734332348546972,0.0734405159819218,0.0698331027822649,0.07015879485926217
2022-12-17,0.07015706554477565,0.07099663469069058,0.07004001063413569,0.07066364660771858
2022-12-19,0.07066540866231541,0.07236791450890641,0.07066540866231541,0.0719839500563239
2022-12-21,0.07199754793189593,0.07344656216537987,0.07137299592983846,0.07238798294081308
2022-12-23,0.07238769763503872,0.07283231780943515,0.07224025344358534,0.07247357007640987
2022-12-25,0.0724728128232504,0.0727060517693645,0.07134584049630018,0.07257800370581899
2022-12-27,0.07257960102088898,0.07273500111423832,0.07166072348157289,0.07190662852575208
2022-12-29,0.0719120703176253,0.07244264089155737,0.0719120703176253,0.07224673425601408
2022-12-31,0.07225246155681493,0.07265321980666305,0.07225246155681493,0.0723127808340427
2023-01-01,0.07231015596972441,0.07298122949881759,0.07204750600139091,0.07281133747316121
2023-01-03,0.07281735997249934,0.07489866384660497,0.07252055985939669,0.07456395452354894
2023-01-05,0.07456414973960265,0.07497288208655532,0.07399364860870718,0.07485552065659341
2023-01-07,0.07486150851007345,0.07549507619269084,0.07432919342414766,0.07532441141124657
2023-01-09,0.07531331643003213,0.07737353006274988,0.07510969815253522,0.07656319777297381
2023-01-11,0.07657065023913819,0.07770933181247658,0.07511125727349398,0.07511125727349398
2023-01-13,0.07511026125884808,0.07511026125884808,0.07283160782409238,0.07395525546257699
2023-01-15,0.07395430278105125,0.07476829385401837,0.07372100814837758,0.07441530996429424
2023-01-17,0.07441938383783567,0.07453302475785398,0.07307142991874181,0.07307142991874181
2023-01-19,0.07308167260242632,0.0738725022145845,0.07302569235192026,0.07311785191149224
2023-01-21,0.07312167044541625,0.07312167044541625,0.07139487271761764,0.07165690188707484
2023-01-23,0.07166558963514164,0.07166558963514164,0.06805305374141576,0.06873796271755456
2023-01-25,0.06873670410132092,0.070161355440678,0.0677780553786969,0.06957943358664576
2023-01-27,0.06958047640858812,0.06958047640858812,0.06798158629089047,0.06826855860119578
2023-01-29,0.06827242625891941,0.06933657711074775,0.06816516523833724,0.06859549666182568
2023-01-31,0.06859549666182568,0.06921757569825632,0.0683516582904424,0.06919768527727115
2023-02-02,0.06919685279602802,0.07098559073875038,0.06919685279602802,0.07098559073875038
2023-02-04,0.07098284896533569,0.0718766418724056,0.07067142931187917,0.0710326030567164
2023-02-06,0.07103611924044574,0.07191995345214235,0.07089066054194916,0.07188013554726629
2023-02-08,0.07187964362746468,0.07249729786909147,0.07023372846361789,0.07090364831232582
2023-02-10,0.07090823594178298,0.07090823594178298,0.06944847358546882,0.0703801882098115
2023-02-12,0.0703797308570425,0.0703797308570425,0.06839609290827953,0.06912875528405026
2023-02-14,0.06912888218640185,0.07029162450271172,0.0688378233194867,0.0688378233194867
2023-02-16,0.06883600647587841,0.06979557969891398,0.06883600647587841,0.06893744377678422
2023-02-18,0.06893470829525823,0.0691779775704644,0.0685634157999965,0.0691779775704644
2023-02-20,0.069187566313912,0.069187566313912,0.06772325349061843,0.06788589920512932
2023-02-22,0.06788770404534246,0.06896224789923969,0.06759397670888995,0.06893901773322603
2023-02-24,0.06894379766038344,0.0693232142472133,0.068443030772982,0.06883355378351216
2023-02-26,0.06883312209256144,0.06974838889498888,0.06882544934178327,0.06952270238080542
2023-02-28,0.06952295289294438,0.07044514716613963,0.06923431191728692,0.07044514716613963
2023-03-02,0.07044559418904227,0.07053005767179446,0.06977266351001749,0.07008752344377958
2023-03-04,0.07008796999196214,0.07014217883904061,0.06972916302020625,0.0697673278053661
2023-03-06,0.06976741075429324,0.07033966554123443,0.06976741075429324,0.07033966554123443
2023-03-08,0.07033895900268498,0.07084931283374797,0.07016469504039831,0.07064515970491819
2023-03-10,0.0706442114740877,0.07176307366175512,0.0699979559507384,0.0715836177112136
2023-03-12,0.07157965227695104,0.07225728254345636,0.06918213438221239,0.0694536553055799
2023-03-14,0.06945709710109856,0.06945709710109856,0.06736560692917698,0.06796835418371722
2023-03-16,0.06796425179633288,0.06796425179633288,0.06483342253456832,0.06533288021455394
2023-03-18,0.06532772767056011,0.06646216768916155,0.06368187013090718,0.06368187013090718
2023-03-20,0.06367789508655333,0.06457505522250089,0.06254872908784902,0.0641075166518213
2023-03-22,0.06409538729181655,0.06461397068393622,0.06308441197946626,0.06412666064266735
2023-03-24,0.06412054989404216,0.06412942775600311,0.06308001003260597,0.06342728486263725
2023-03-26,0.06342247642603184,0.06381793558180687,0.06324110963199807,0.06324110963199807
2023-03-28,0.06322979563143212,0.06527876191615348,0.06322979563143212,0.06326186576664636
2023-03-30,0.06324402269224028,0.06463499770804321,0.06271850809868135,0.06398412415801814
2023-04-01,0.06398657978314705,0.06404880556369831,0.06359849293180714,0.0636885487821144
2023-04-03,0.0636899677330556,0.06653199221490244,0.0636899677330556,0.06641294302858579
2023-04-05,0.06640747549454527,0.0677648752943847,0.06640747549454527,0.06678724300874696
2023-04-07,0.06677548290920783,0.06698308484607067,0.06616544687766442,0.06616544687766442
2023-04-09,0.06615757607836924,0.06615757607836924,0.06444871952669107,0.06444871952669107
2023-04-11,0.0644489908368873,0.0644489908368873,0.06252092969979146,0.06417018772081483
2023-04-13,0.06416985331124,0.06893056209637324,0.06361232990798711,0.06893056209637324
2023-04-15,0.06892927289440898,0.07013492836277646,0.06856605722440035,0.06992126202391624
2023-04-17,0.06992378014088257,0.07048637818472014,0.06925802192710534,0.06925802192710534
2023-04-19,0.06925508025473011,0.06925508025473011,0.06713651550716329,0.06887119028893392
2023-04-21,0.06885984016546974,0.06913257573348765,0.06721863453341831,0.06738111662251829
2023-04-23,0.06738145572097848,0.06767103236965795,0.06691913903389103,0.06695357368974644
2023-04-25,0.06695156332741757,0.06695156332741757,0.0654533560233682,0.06567161133669326
2023-04-27,0.06566999414618771,0.06566999414618771,0.06451621700580855,0.06451621700580855
2023-04-29,0.06451200530160009,0.06527244894435245,0.06397915195373484,0.06397915195373484
2023-05-01,0.06397653346757894,0.06539312414726141,0.06397653346757894,0.06524686982320939
2023-05-03,0.06524614925439746,0.06564783792246014,0.06509151582706683,0.06509151582706683
2023-05-05,0.06510003725943833,0.06769337181355235,0.06507059290270137,0.06573840672620576
2023-05-07,0.0657415227335398,0.0667722537165811,0.0657415227335398,0.0667722537165811
2023-05-09,0.0667733387644381,0.0669319588412295,0.06668132808440458,0.06670929372444503
2023-05-11,0.06670574638397958,0.06745415087259377,0.06630540758748822,0.06745415087259377
2023-05-13,0.06744979611081187,0.06744979611081187,0.06684717579103029,0.06684717579103029
2023-05-15,0.06684606169000212,0.06748181052620679,0.06675120603180394,0.06748181052620679
2023-05-17,0.06747919671585488,0.06747919671585488,0.06650270213068753,0.06713240774192009
2023-05-19,0.06713173196371341,0.06744441337794399,0.06712395559099517,0.06712395559099517
2023-05-21,0.06711572751730077,0.06769055003785288,0.06706884093965956,0.06769055003785288
2023-05-23,0.06769092814355648,0.06836155981726695,0.06769092814355648,0.06836155981726695
2023-05-25,0.0683630532070951,0.0684372064124206,0.06799423105015137,0.0684372064124206
2023-05-27,0.06843180848435851,0.06843180848435851,0.06798067664306394,0.06799483178735682
2023-05-29,0.06799009512060397,0.06862769517782064,0.06776705122262933,0.06862769517782064
2023-05-31,0.0686269873615304,0.06943163457717248,0.06854510320527858,0.06943163457717248
2023-06-02,0.06942834657469849,0.06999943233112309,0.06942834657469849,0.06989914479156048
2023-06-04,0.06989935131605578,0.07038110973983382,0.06969100246397229,0.07038110973983382
2023-06-06,0.07037676149784484,0.07083563830814914,0.06919553622658507,0.06954421252371916
2023-06-08,0.06954148682911723,0.06974108199496039,0.06930635745307429,0.06949469593474569
2023-06-10,0.06949469593474569,0.06954931782725428,0.06755664162906828,0.06759361934123692
2023-06-12,0.06759455757972078,0.06759455757972078,0.0668587880981114,0.06708183564383391
2023-06-14,0.0670814548127341,0.0671130514624804,0.0651169992875482,0.0651169992875482
2023-06-16,0.06511198509107319,0.06605232197576001,0.06511198509107319,0.065150171429951
2023-06-18,0.06515155001578667,0.06547504630353009,0.06467168420214979,0.06470111993168413
2023-06-20,0.06469552919225316,0.06469552919225316,0.061795268447424175,0.06299297385163345
2023-06-22,0.06299027272248421,0.06341878727295149,0.061648708553333355,0.06167924032970118
2023-06-24,0.06168086161819516,0.06234141699209136,0.061411816701177735,0.06234141699209136
2023-06-26,0.062343714107570634,0.062343714107570634,0.06133568666407685,0.06156200617437779
2023-06-28,0.06156103917257105,0.06156103917257105,0.06074663205751998,0.06082658817919263
2023-06-30,0.06082271825312114,0.06346271364555006,0.06082271825312114,0.0629016265948603
2023-07-02,0.06290265476310734,0.06366473953886677,0.06246183785889806,0.06277696996542992
2023-07-04,0.0627774938819741,0.06305557586646332,0.06262008816655591,0.06262008816655591
2023-07-06,0.06262041599639125,0.06262041599639125,0.06132974861381625,0.06164731343081947
2023-07-08,0.06164719837883256,0.06174947282872054,0.06130013903042002,0.06174947282872054
2023-07-10,0.06174887132864861,0.061825648659417476,0.06134800640041799,0.06134800640041799
2023-07-12,0.06134633552485703,0.06372867807986997,0.06134633552485703,0.06372867807986997
2023-07-14,0.06372863758691821,0.06416656100509294,0.06341157816981084,0.0637584446358617
2023-07-16,0.06375811460612602,0.06385876214873411,0.06313887073820794,0.06339997797529252
2023-07-18,0.06339599760647155,0.0636806391087036,0.06313275484008986,0.06313275484008986
2023-07-20,0.06313003855356285,0.06348005964746334,0.06313003855356285,0.0632533171783147
2023-07-22,0.06325376128385156,0.06327245446588588,0.06246023172379916,0.06277692279566963
2023-07-24,0.06277763373952122,0.06361288670535821,0.06277763373952122,0.06354319841306226
2023-07-26,0.06354356228366659,0.06379872595349693,0.06349579931255231,0.06369288534370192
2023-07-28,0.06369252127054406,0.06415564476548834,0.06369252127054406,0.06405805828853801
2023-07-30,0.06406378312429814,0.06406378312429814,0.06349606023367645,0.06349606023367645
2023-08-01,0.0634991826929327,0.0634991826929327,0.06258529505719203,0.06306236484211089
2023-08-03,0.063062194918701,0.06319887129319873,0.0628419500710338,0.0628419500710338
2023-08-05,0.06284188523592273,0.06315818463164381,0.06284188523592273,0.06293059246354933
2023-08-07,0.06293020476963632,0.06306846727116215,0.06212619887072777,0.062339738152339
2023-08-09,0.062339738152339,0.06289980278044777,0.06212942686903023,0.06288186516207106
2023-08-11,0.06288186516207106,0.06288186516207106,0.06281323541766366,0.06286096979318762
2023-08-13,0.0628609076463977,0.06317336460771338,0.06251980939818542,0.06269912133302233
2023-08-15,0.06269871736241048,0.06290920810794332,0.06232865847175142,0.06290920810794332
2023-08-17,0.0629087697231228,0.06398020888025857,0.059904207726009046,0.06377808573611213
2023-08-19,0.06377352812011511,0.06458157536395678,0.06377352812011511,0.06435397262324372
2023-08-21,0.06435267968795044,0.06435267968795044,0.06223644363179246,0.06275754100016243
2023-08-23,0.06275720520160741,0.06354375581808962,0.06275720520160741,0.06345028200592405
2023-08-25,0.06345158654761096,0.06377919679283318,0.06323121921182266,0.06330128759721577
2023-08-27,0.06329982228094069,0.06352884000295891,0.06268719167151021,0.0632773010101753
2023-08-29,0.06327779054623459,0.06327779054623459,0.062057419499312205,0.062469231851187655
2023-08-31,0.06246987236873144,0.06346417445482866,0.06246987236873144,0.06311862911574771
2023-09-02,0.06311862911574771,0.06331746007913143,0.06295886884579605,0.06298661965620908
2023-09-04,0.0629854644188829,0.06366228438985447,0.06292797653807537,0.06336539125322188
2023-09-06,0.06336531752855676,0.06415736660341906,0.06275581783808143,0.06275581783808143
2023-09-08,0.06274917280437504,0.06315188902954338,0.06273953571782588,0.06314098541703271
2023-09-10,0.06314137156736489,0.06314137156736489,0.06142143305441009,0.0616651449390865
2023-09-12,0.061663413232276136,0.061663413232276136,0.06105319937459096,0.06131095312861018
2023-09-14,0.06131060248763825,0.06169611798820193,0.06125964492950149,0.06169611798820193
2023-09-16,0.061695695756645005,0.06173440912354577,0.06103664053361397,0.061157516887913245
2023-09-18,0.06116121631277304,0.06116121631277304,0.060380028760442565,0.060380028760442565
2023-09-20,0.06037943951878975,0.06037943951878975,0.05944402484818703,0.05961467599156738
2023-09-22,0.059611871338382215,0.06000542913236383,0.05953308377461774,0.05996110061922998
2023-09-24,0.05996128835659856,0.06042370595350108,0.05990097139036303,0.060383487916076554
2023-09-26,0.060383487916076554,0.0608848198089869,0.060383487916076554,0.060612970071575394
2023-09-28,0.06061301606331237,0.06199343622240167,0.06061301606331237,0.061951812243138595
2023-09-30,0.061952269403189174,0.06258294415099776,0.06188525426211967,0.06195006540245742
2023-10-02,0.06194772492868625,0.06194772492868625,0.05996498363046966,0.06040593388380942
2023-10-04,0.06040593388380942,0.06040593388380942,0.05875771286333497,0.05876823117699461
2023-10-06,0.05877586711752365,0.05927814956315015,0.05843541164854603,0.05843541164854603
2023-10-08,0.058435054168891984,0.058487671723273814,0.05675802995503629,0.057276757735260336
2023-10-10,0.05727200368830356,0.05830653980467462,0.05678109108863818,0.05830653980467462
2023-10-12,0.05830616758617045,0.05830616758617045,0.057276833698520144,0.05777857527364077
2023-10-14,0.05777820299860099,0.05790147462616763,0.057336989923033495,0.057336989923033495
2023-10-16,0.057336989923033495,0.057336989923033495,0.054749856321695316,0.05509493707644562
2023-10-18,0.055095444211308846,0.055255252056078744,0.05450210747245072,0.05455210497246606
2023-10-20,0.05455314276566162,0.05461662590233694,0.05397924584963295,0.054452391503264044
2023-10-22,0.05445156598756353,0.05548453251523681,0.052022564937505275,0.053416613414472236
2023-10-24,0.05341850097688739,0.05341850097688739,0.051754844126918616,0.051815805446807625
2023-10-26,0.05181622599965332,0.053558844661094326,0.05181622599965332,0.05248995580050862
2023-10-28,0.05248756952513522,0.05248756952513522,0.05193876748487347,0.0519965844069316
2023-10-30,0.051993429409732714,0.052507624568075,0.051993429409732714,0.052370211236193655
2023-11-01,0.05237072497420616,0.05237072497420616,0.051552652644430624,0.051552652644430624
2023-11-03,0.05154807927022084,0.05302511826547374,0.05154807927022084,0.0529306918954536
2023-11-05,0.052928951737888585,0.05430985810102989,0.052928951737888585,0.054264441849661636
2023-11-07,0.05426493072458822,0.05426493072458822,0.05275784555931956,0.05299805273879202
2023-11-09,0.053008177447151354,0.0577854957527478,0.05293149581994003,0.05571860618881006
2023-11-11,0.055718922365508086,0.05590051487773491,0.0547921869906177,0.055191803323825415
2023-11-13,0.055185654092654156,0.0566011171417244,0.055185654092654156,0.05566924379805406
2023-11-15,0.05566588712770828,0.05566588712770828,0.053745344286364106,0.05421688744833289
2023-11-17,0.05421412376228321,0.05422805932039068,0.05297405239237522,0.05368085455931626
2023-11-19,0.05367981816516846,0.05476012602463873,0.05341536700214991,0.05397907345109243
2023-11-21,0.05397978693762604,0.05526435601415081,0.05397978693762604,0.05515790880240521
2023-11-23,0.055157615903950734,0.05556349632212331,0.055157615903950734,0.05521544285748752
2023-11-25,0.05521888949779534,0.05537468753353283,0.05481525875180023,0.05506590938996948
2023-11-27,0.055067873617184154,0.055147993313039656,0.05404608009963736,0.05418234914282057
2023-11-29,0.05417864722348117,0.05441706995976831,0.05357971802066285,0.05441706995976831
2023-12-01,0.054418299527536095,0.05515203519288407,0.05397937648702404,0.054869414815927685
2023-12-03,0.05487187568404582,0.055163689239924166,0.05340474948006734,0.05340474948006734
2023-12-05,0.053403797222454995,0.053403797222454995,0.051010383930358304,0.051010383930358304
2023-12-07,0.05101748011463329,0.05445404194581285,0.05101748011463329,0.05337965051185703
2023-12-09,0.05338924054070692,0.05416876370210279,0.05328573126351055,0.0537037798051195
2023-12-11,0.053713368583509134,0.05391392582293185,0.052874196862036114,0.05310262414740286
2023-12-13,0.05310404741771234,0.05382110185979626,0.05261392165039228,0.05382110185979626
2023-12-15,0.05381784835507449,0.05381784835507449,0.0526875801476716,0.0526875801476716
2023-12-17,0.05268545139797329,0.053094935604003406,0.0520534725103273,0.052060910075138
2023-12-19,0.05205785969076611,0.05205785969076611,0.05044013715502508,0.05044013715502508
2023-12-21,0.05043853369925721,0.052902454682083835,0.050410066909968645,0.052902454682083835
2023-12-23,0.05290658882591667,0.052991991989035814,0.05231391069670491,0.052675135005422535
2023-12-25,0.05267550013183697,0.05270787416765564,0.051513658877466985,0.052467025695768804
2023-12-27,0.052467496060110676,0.05587742912473339,0.052467496060110676,0.05505229867422691
2023-12-29,0.0550555854627223,0.05535718054285514,0.0543617269146247,0.0543617269146247
2023-12-31,0.05437026857348129,0.05437026857348129,0.05380473627438581,0.05394550417869722
2024-01-01,0.05394455821028453,0.05394455821028453,0.05240023947685161,0.05240023947685161
2024-01-03,0.05240191667626666,0.05242208739080105,0.05134817911120209,0.05137851079811951
2024-01-05,0.05138002833114522,0.05182963835468367,0.050942201335162994,0.050942201335162994
2024-01-07,0.05094110418406886,0.05094110418406886,0.04964962310084354,0.04964962310084354
2024-01-09,0.049649814823210923,0.05544845517545055,0.04950948634480013,0.055397409442358846
2024-01-11,0.05539845912620951,0.05911810714175631,0.05495859219804348,0.058947034312281876
2024-01-13,0.05894618060059652,0.06018868598475095,0.05883711606896859,0.059202045016040185
2024-01-15,0.05920031590754049,0.06004199659782538,0.058894139781868936,0.06000501505095194
2024-01-17,0.05999679424504355,0.06003729838873092,0.05911696152184889,0.05980373062959098
2024-01-19,0.059803614736840066,0.05991155818230856,0.059189720577070934,0.05930137182611134
2024-01-21,0.059303023661822676,0.059303023661822676,0.05836997839981026,0.058453375685354164
2024-01-23,0.05845763217658275,0.05853846104006463,0.05562352996024321,0.05577843025636416
2024-01-25,0.05578540717025517,0.05578540717025517,0.05404891956405926,0.054246918294428306
2024-01-27,0.05424934068534271,0.05437665782493369,0.0536855891768048,0.0536855891768048
2024-01-29,0.053684905740281036,0.05456084523015266,0.05340698362407453,0.05456084523015266
2024-01-31,0.054560209954439234,0.054560209954439234,0.053430843383633575,0.053507096697467886
2024-02-02,0.053508258072368524,0.05370250993190376,0.053405767014297154,0.053405767014297154
2024-02-04,0.053405767014297154,0.05385264085043184,0.053405767014297154,0.05385264085043184
2024-02-06,0.053853109356296364,0.055219617209531294,0.053853109356296364,0.05468376093821821
2024-02-08,0.054687369608590074,0.054687369608590074,0.05242007584796266,0.0527753718325581
2024-02-10,0.05277594105926084,0.05277594105926084,0.0519141359635342,0.0519141359635342
2024-02-12,0.05192207662640318,0.0535811798073534,0.051794312780520144,0.053134724040896544
2024-02-14,0.05313920458545491,0.05442042461542372,0.05313920458545491,0.05442042461542372
2024-02-16,0.054419269167864,0.054419269167864,0.05316653514526257,0.053926763877506986
2024-02-18,0.05393237554435587,0.05687464880928244,0.05393237554435587,0.05687464880928244
2024-02-20,0.05686578012171263,0.057691233402741265,0.05659082155170173,0.05723953185133306
2024-02-22,0.05723953185133306,0.05832491842534401,0.05704065289587112,0.057616550271686884
2024-02-24,0.05761579962095077,0.06018477437355092,0.05745890172080138,0.06018477437355092
2024-02-26,0.060189280814873354,0.060189280814873354,0.05683134553971067,0.05683134553971067
2024-02-28,0.05684028062474114,0.05684028062474114,0.054219370203969434,0.05459851195372774
2024-03-01,0.05459865468031299,0.05541168222952793,0.05459865468031299,0.05519343347665082
2024-03-03,0.055189081241560495,0.05526151819341333,0.053216291268759826,0.053216291268759826
2024-03-05,0.05321120509409276,0.057770620185177014,0.05321120509409276,0.057770620185177014
2024-03-07,0.057774634334074065,0.05796983151470281,0.056946019928135076,0.05705332461738246
2024-03-09,0.0570536177547437,0.05752967611248204,0.05567817746463933,0.056186392534456495
2024-03-11,0.05619391886757634,0.05636937404692728,0.05548994561547445,0.05569283241303426
2024-03-13,0.0556936906481625,0.0556936906481625,0.054083902244700416,0.05432897081220513
2024-03-15,0.05432895559934969,0.054350030852471545,0.05348626187415689,0.053895442749201924
2024-03-17,0.05389758625705252,0.05389758625705252,0.051927135148851375,0.05211325521560333
2024-03-19,0.05211118291787217,0.05211118291787217,0.05032004867590383,0.051868428927960335
2024-03-21,0.05187294636954861,0.053301480689971,0.05187294636954861,0.05232966176957582
2024-03-23,0.05232875651271451,0.05232875651271451,0.051332178592717916,0.05140241565330007
2024-03-25,0.051405739133074224,0.051493388241779924,0.0511169943091958,0.05125291913508315
2024-03-27,0.0512503807171139,0.0512503807171139,0.05027176990477164,0.050336528621329535
2024-03-29,0.05033686112964775,0.05071638548620431,0.05012747867008296,0.05037772775048683
2024-03-31,0.050375057774667734,0.05119459231406667,0.05013982888604383,0.05032913446550497
2024-04-02,0.05032960909012215,0.05035764459722014,0.0496352826458761,0.050204345476852846
2024-04-04,0.05020419391336176,0.05020419391336176,0.04859748668469531,0.048921699282017186
2024-04-06,0.048919326663958665,0.049783046834842005,0.04859229683633552,0.049783046834842005
2024-04-08,0.049783335125540513,0.05194285879945163,0.04933295607640437,0.05068487742117991
2024-04-10,0.05067996018193206,0.05076105738768917,0.04992759377773626,0.050041226521881484
2024-04-12,0.05004084766001262,0.05004084766001262,0.04689120368732682,0.04708902864521722
2024-04-14,0.04709803865153697,0.049058689635209714,0.04678723566336038,0.048881683400157555
2024-04-16,0.04888494317286815,0.04888494317286815,0.0483506174743308,0.04869553017715667
2024-04-18,0.04869433630821921,0.04869433630821921,0.047801082089187416,0.0478979852938228
2024-04-20,0.047897515387854125,0.048671969799110155,0.04782125039381004,0.04846045949154463
2024-04-22,0.048459843749230326,0.04860615192815266,0.04789699096242207,0.04845696558062221
2024-04-24,0.04845597764000957,0.04910477788266174,0.04845597764000957,0.04894687798757124
2024-04-26,0.04894548188094034,0.05135982440208243,0.04887615225128404,0.05128090333991743
2024-04-28,0.05128090333991743,0.05217987895883705,0.0503721914886751,0.0503721914886751
2024-04-30,0.05037681296545514,0.050909769512249924,0.04927774946571304,0.050909769512249924
2024-05-02,0.05091004767553467,0.05091004767553467,0.04935593955719662,0.04935593955719662
2024-05-04,0.049369299332281624,0.04942877332408409,0.048774111221639396,0.048999584972992
2024-05-06,0.04899737797165035,0.049188936295226755,0.048178646420928804,0.04823473774734349
2024-05-08,0.04823971241904324,0.04865505441675035,0.048153122081056404,0.048153122081056404
2024-05-10,0.04815312971868695,0.04815312971868695,0.04771458418140338,0.04787937177265409
2024-05-12,0.04787970064272723,0.04787970064272723,0.0468959327747763,0.0468959327747763
2024-05-14,0.046894025279400384,0.04735608654879523,0.04581039698237247,0.04583430924407842
2024-05-16,0.04583476257036002,0.04630176020781572,0.045037820232649635,0.04615068559367095
2024-05-18,0.04614785095909115,0.04671571321894414,0.04614785095909115,0.046330136887306986
2024-05-20,0.046328472723224025,0.05401731093613308,0.046149029979960475,0.05401731093613308
2024-05-22,0.05401788883468836,0.056355966386314654,0.05296637570109827,0.05564751242521616
2024-05-24,0.055641887386855673,0.055641887386855673,0.05411934908269244,0.05411934908269244
2024-05-26,0.05412220937297586,0.056263523796430785,0.05412220937297586,0.05606296680173564
2024-05-28,0.05606265174821144,0.05647202710358157,0.05566600309364903,0.05566600309364903
2024-05-30,0.055665411234260616,0.05581575095372336,0.054884027125598055,0.0556638357164184
2024-06-01,0.05566425616422795,0.0564849042593121,0.05563423722091674,0.05580827690054705
2024-06-03,0.055808285142577053,0.055808285142577053,0.053946210874653906,0.054026734250243284
2024-06-05,0.05402653854628705,0.054375361945051576,0.05358289323585105,0.05384336048083867
2024-06-07,0.05384238809107009,0.05384238809107009,0.052200263831632496,0.0531306591808025
2024-06-09,0.05313115849450579,0.05328341145797536,0.05265439265739032,0.05272415669769064
2024-06-11,0.05272415669769064,0.05279025712365156,0.05114925461421193,0.052143803995063305
2024-06-13,0.052143467862779146,0.052708156416524606,0.05166304323429695,0.052708156416524606
2024-06-15,0.052708172385064006,0.054552348523340774,0.052708172385064006,0.05435486443847888
2024-06-17,0.054361333527616906,0.054361333527616906,0.05232061686803572,0.053446019299482415
2024-06-19,0.05344617278913883,0.05480882265529068,0.05344617278913883,0.054137279012395935
2024-06-21,0.05413686160314181,0.05486738861406411,0.05413686160314181,0.054398048321784034
2024-06-23,0.054398048321784034,0.05560577633984249,0.053912758758109906,0.05560577633984249
2024-06-25,0.05560594229800609,0.05560594229800609,0.054741949284541014,0.055373841759440955
2024-06-27,0.055381537767228796,0.05609092578711067,0.055381537767228796,0.05590700692801303
2024-06-29,0.05590917052914311,0.05590917052914311,0.054767419132224646,0.054767419132224646
2024-07-01,0.05476716570898282,0.055197110239869035,0.05473652975627363,0.05503686287448901
2024-07-03,0.055036180137857486,0.055104512439292486,0.05367594287228386,0.05367594287228386
2024-07-05,0.05367911677262707,0.054053762689254235,0.05247091874955525,0.052675025595742844
2024-07-07,0.05267485386985995,0.05323111574639213,0.05198893634530656,0.05323111574639213
2024-07-09,0.05322954072245822,0.05370742885493676,0.0528329149051244,0.05370742885493676
2024-07-11,0.05370829501996684,0.05418698656228421,0.05352845374607188,0.05415623002642989
2024-07-13,0.05415255562148628,0.05415255562148628,0.053252743881288846,0.05338582050453069
2024-07-15,0.05338582050453069,0.05385698843116833,0.05296970740156174,0.05296970740156174
2024-07-17,0.052969235252026764,0.05361107454258924,0.05282557811653911,0.05353511848324197
2024-07-19,0.05353493442104153,0.05353493442104153,0.05237266999163852,0.052392154620770785
2024-07-21,0.05239111245302615,0.05239111245302615,0.05095045526854744,0.05095045526854744
2024-07-23,0.05095015632597534,0.052806768678789175,0.05065018386859901,0.05100217666014112
2024-07-25,0.051002703984435224,0.051002703984435224,0.048203025131600796,0.04824031378630525
2024-07-27,0.04823855136456221,0.04823855136456221,0.04768661975086055,0.047914301158317005
2024-07-29,0.04791678510996324,0.05024200108166415,0.04791678510996324,0.049535869900930375
2024-07-31,0.04953815891250019,0.05010573387390057,0.04898696737957209,0.04898696737957209
2024-08-02,0.04898678432976361,0.04907473353598582,0.04778376223357795,0.04785647609089319
2024-08-04,0.0478617350377858,0.048026364372140834,0.04308571430898477,0.044847279446261525
2024-08-06,0.04485457131078058,0.04485457131078058,0.042300139471342604,0.04249734217082312
2024-08-08,0.04248231082359457,0.04386578982695581,0.04239885911965379,0.042727026667703095
2024-08-10,0.04273020381687656,0.044020937134541256,0.04273020381687656,0.04351877489841396
2024-08-12,0.043510430726171175,0.04588255294370772,0.043510430726171175,0.044614851197740314
2024-08-14,0.04461519724495393,0.045347432595441134,0.04461519724495393,0.04466193840283835
2024-08-16,0.04465707345720411,0.04467258159436198,0.04393964499945047,0.04393964499945047
2024-08-18,0.04393966715194614,0.04471054632437889,0.04393966715194614,0.04436244596946281
2024-08-20,0.04437052058564518,0.04437052058564518,0.04302191711878699,0.04302191711878699
2024-08-22,0.04302228977707607,0.043441095113692374,0.04302228977707607,0.0431712092210841
2024-08-24,0.043173121109872856,0.04372719941987667,0.042767482971659616,0.042767482971659616
2024-08-26,0.04275975751840053,0.042845269060649366,0.04120510531630184,0.041366068724127486
2024-08-28,0.04135920095149182,0.04283470350202278,0.04135920095149182,0.042577465177811635
2024-08-30,0.04257841497245027,0.04272041716739213,0.04205852352041047,0.042613474474857464
2024-09-01,0.042611161302500755,0.043152679181519216,0.041943931285518904,0.04291850792056268
2024-09-03,0.04292155201425988,0.04292155201425988,0.041469888171936316,0.042281604742932966
2024-09-05,0.04227816112619831,0.04228702640159292,0.040899367581639416,0.04123729304976446
2024-09-07,0.041238678619713406,0.04220527884691019,0.041238678619713406,0.041877721289963664
2024-09-09,0.0418759614099896,0.0418759614099896,0.04105250637389007,0.04143078871088812
2024-09-11,0.041439098381146164,0.041439098381146164,0.04037495565271357,0.040621911919892464
2024-09-13,0.04062398999051032,0.040687995301849564,0.039991439532112934,0.04028650148388617
2024-09-15,0.04028838775478245,0.04028838775478245,0.03892297322457158,0.03942951823942265
2024-09-17,0.039432045238752544,0.039432045238752544,0.038447900333607295,0.038447900333607295
2024-09-19,0.0384509766967114,0.040533384803896365,0.0384509766967114,0.040533384803896365
2024-09-21,0.04053465047347908,0.041283927208998414,0.04028866680400263,0.040592125512666444
2024-09-23,0.04059213595289989,0.04179312566216303,0.04057271877506699,0.041290330010158756
2024-09-25,0.041293753610342016,0.041293753610342016,0.04040500626519871,0.04040500626519871
2024-09-27,0.04040651629380418,0.04107497210641909,0.04034217855013716,0.04062486430746629
2024-09-29,0.04062623072179167,0.04107231023633311,0.0402543758476801,0.04107231023633311
2024-10-01,0.0410732575961282,0.041461295480248024,0.03898300752115299,0.03898300752115299
2024-10-03,0.03897888453409834,0.039098757276877665,0.03857370970083271,0.03889641493375657
2024-10-05,0.038896208150123575,0.03903502759852709,0.038736527325633506,0.03884044128181862
2024-10-07,0.03883280003820622,0.03925620034198795,0.038665220052569324,0.03925620034198795
2024-10-09,0.039256367913370054,0.03956053874753278,0.038974022294660814,0.03956053874753278
2024-10-11,0.039562191379251134,0.03963867749152916,0.03895626543147126,0.03918523256176511
2024-10-13,0.03918517674393575,0.039918142402488296,0.03911971746390217,0.03979520021508791
2024-10-15,0.03979509255169086,0.03979509255169086,0.038613999782563836,0.038613999782563836
2024-10-17,0.03861421565096332,0.038976246901140814,0.03861421565096332,0.03862346789615559
2024-10-19,0.03862394661299273,0.03978980034104052,0.03862394661299273,0.03978980034104052
2024-10-21,0.03978530877149922,0.039836825902010056,0.0388871454632727,0.0388871454632727
2024-10-23,0.0388871454632727,0.038959865681928565,0.037196390967024845,0.037196390967024845
2024-10-25,0.03719640671555142,0.03732359861517173,0.036285137573489855,0.03703020030738401
2024-10-27,0.03703020030738401,0.03703020030738401,0.036555320570709635,0.036719734621108314
2024-10-29,0.0367192248612077,0.037315685330429,0.03628934515605993,0.036752786711169244
2024-10-31,0.036752506163785816,0.036752506163785816,0.03578579864159286,0.03616688921558853
2024-11-02,0.036166508833404,0.036166508833404,0.03571617563156959,0.03573266011710204
2024-11-04,0.03572682113112412,0.03584007297470994,0.03493690633336718,0.03493690633336718
2024-11-06,0.034936785395736,0.03816964332759359,0.034925890681358936,0.03816964332759359
2024-11-08,0.03816964332759359,0.0410528017608298,0.03816964332759359,0.04076965186449956
2024-11-10,0.040769521525487795,0.040769521525487795,0.03786278409423916,0.03805685022289398
2024-11-12,0.03805749067837864,0.038286815563664166,0.03528049956599275,0.03528049956599275
2024-11-14,0.03527928354977685,0.03530121288555505,0.033951482848116776,0.033951482848116776
2024-11-16,0.03395149403666167,0.035085203654352776,0.03395149403666167,0.034233497287780947
2024-11-18,0.03423290691151375,0.03547353682243801,0.0336981393086732,0.0336981393086732
2024-11-20,0.03369714769325235,0.03423734838409329,0.032239846650473164,0.03414774053124083
2024-11-22,0.03414997895169908,0.03535192844769682,0.03353217820331291,0.03475002912447879
2024-11-24,0.03475002912447879,0.03667459683365412,0.03429209634615561,0.03667459683365412
2024-11-26,0.036673737621845635,0.03817422336350599,0.03582191335008899,0.03817422336350599
2024-11-28,0.03816973550769599,0.03816973550769599,0.03687143134312264,0.03687143134312264
2024-11-30,0.036868391606181744,0.03842722057464109,0.036868391606181744,0.038153894628227714
2024-12-02,0.03815248468611825,0.03832805141699052,0.037410006316020865,0.03772912901017811
2024-12-04,0.037731712714926584,0.040032456632320974,0.037731712714926584,0.03902719243346714
2024-12-06,0.03902910885284146,0.04016180422199006,0.03902910885284146,0.040006621079235916
2024-12-08,0.04000672109553857,0.04000672109553857,0.03714136069777806,0.03813489918805568
2024-12-10,0.03813479649738555,0.03847574990070775,0.03723522334542242,0.037904924374581796
2024-12-12,0.03790482696782733,0.03895332445071555,0.03790482696782733,0.03852615784419851
2024-12-14,0.03852448188086464,0.03852448188086464,0.03779689827849863,0.03789724261819129
2024-12-16,0.03789732971146053,0.03813567855845836,0.03652657580861728,0.036675865917388355
2024-12-18,0.036674713217408624,0.03669375614288077,0.0347284623718455,0.03504886834760807
2024-12-20,0.03504869205509944,0.03571640720979948,0.033571916822896036,0.03431983308895981
2024-12-22,0.03432016293245509,0.0360603746370484,0.034157640572632805,0.0360603746370484
2024-12-24,0.0360603746370484,0.0360603746370484,0.03516324371978902,0.03516324371978902
2024-12-26,0.0351675610960843,0.035343104119056584,0.034700737451174336,0.035339631954391215
2024-12-28,0.03533723546230461,0.03581514144706908,0.035288420540202876,0.03580659396752683
2024-12-30,0.035806700845544055,0.036228338527019836,0.035655820986862576,0.035655820986862576
2025-01-01,0.035657519424960774,0.035913852888526325,0.03545995313825899,0.03567175279581427
2025-01-03,0.035672143492449765,0.037244619347339074,0.03562797718306274,0.037244619347339074
2025-01-05,0.037244619347339074,0.037244619347339074,0.03609025999146452,0.03609025999146452
2025-01-07,0.03609016215247346,0.03609016215247346,0.034654522950415594,0.034993036193384154
2025-01-09,0.03499557520075712,0.03520527847396458,0.03448598408095565,0.03448598408095565
2025-01-11,0.034484294900861495,0.03493618893632788,0.03429220693475026,0.03455873965704311
2025-01-13,0.03455958639684972,0.034800334040481655,0.03263093895687833,0.033401328046674436
2025-01-15,0.0334052649644056,0.03453015150723256,0.03301835500228208,0.03307916235684069
2025-01-17,0.03308026496773908,0.033398357920955725,0.03151148071874116,0.03159109823017108
2025-01-19,0.03159128945552787,0.03241067190756797,0.03139257711116575,0.03211953590188443
2025-01-21,0.0321198862517589,0.0321198862517589,0.03115325408756998,0.031254122090238194
2025-01-23,0.031254149212853646,0.03215181020143048,0.031254149212853646,0.031556880272697395
2025-01-25,0.03155801934748966,0.03187104570361585,0.031401873396194845,0.0314947798650867
2025-01-27,0.03149278537440316,0.031521559474013514,0.03029861150522385,0.030358807257705716
2025-01-29,0.030358573734753484,0.031008548386141928,0.02991688018651917,0.031008548386141928
2025-01-31,0.031007029508965615,0.03243820210093331,0.030932801588531744,0.030979608174224044
2025-02-02,0.03097622870349488,0.031176473023899514,0.02355747190415374,0.028463271372154885
2025-02-04,0.028458144239982178,0.028854965070931802,0.027362961554585508,0.028854965070931802
2025-02-06,0.028857515345327562,0.028857515345327562,0.026795270023243823,0.027176807411297063
2025-02-08,0.027177532692571504,0.027726707329189,0.02662223294643824,0.02723811352014269
2025-02-10,0.027237595265557798,0.027674218001856765,0.02687121119175687,0.027163352904571402
2025-02-12,0.027163874869208713,0.02851466207776989,0.02708293894954974,0.027698846655088608
2025-02-14,0.027700919620559226,0.02826416079035718,0.027400137112786473,0.027603863175808274
2025-02-16,0.027603860346958997,0.02936399563774846,0.027603860346958997,0.028648625511172452
2025-02-18,0.02864872991197968,0.02864872991197968,0.027889217118124938,0.02811266019646259
2025-02-20,0.02811197829311746,0.028609572351453914,0.027541041639010572,0.027670075652477016
2025-02-22,0.02767001771946485,0.02953955628021935,0.02767001771946485,0.029289580453765528
2025-02-24,0.029291034737222405,0.029429382063912872,0.026960303786582374,0.02810968865472137
2025-02-26,0.028111326963038568,0.028111326963038568,0.02695759200278117,0.02725242335318737
2025-02-28,0.027254787773205776,0.027254787773205776,0.025563474939848785,0.025765094307491677
2025-03-02,0.025768715773327084,0.026866149088074137,0.024596690938380194,0.024906213036245895
2025-03-04,0.02490748588455185,0.025000613159965445,0.02443793462198036,0.02474407910757807
2025-03-06,0.024745182999968873,0.024999288813335484,0.024485919453764608,0.024665042385354694
2025-03-08,0.024665042385354694,0.02572063069627551,0.024665042385354694,0.02502911774472535
2025-03-10,0.025029176668429017,0.025620296653059513,0.02290024912945685,0.0232016008559261
2025-03-12,0.02320087696713762,0.02320087696713762,0.0226982575533688,0.02298408473507587
2025-03-14,0.022984168325305275,0.02311705329519364,0.022762214024046264,0.022973652169366258
2025-03-16,0.022971162263267734,0.023039007254152855,0.02268866448473833,0.022930395177555574
2025-03-18,0.022929442859297478,0.023804985365900765,0.022929442859297478,0.02369271457031803
2025-03-20,0.023690996239718192,0.023690996239718192,0.02328815799571719,0.02338152673999299
2025-03-22,0.023382566218317566,0.02373766694254249,0.02330755134128482,0.02330755134128482
2025-03-24,0.023305673234279907,0.023791587875504533,0.02312140215258147,0.023640741439756592
2025-03-26,0.023640590278687302,0.023640590278687302,0.02296378022255146,0.02296378022255146
2025-03-28,0.022962175421904957,0.02304017153999666,0.022021432523275822,0.02212114814640857
2025-03-30,0.02212136725091506,0.022132812441996674,0.02166944090120152,0.0220731508164993
2025-04-01,0.022073532162507136,0.022548056700609588,0.021631936584242638,0.021748801404371257
2025-04-03,0.02174951790469194,0.021986351491108357,0.0215404357525421,0.021660565009480427
2025-04-05,0.021660022998733913,0.02168964726200267,0.01990105865604523,0.02015273146900231
2025-04-07,0.020153754341578962,0.020197329494063564,0.018950173801700332,0.01929500872046724
2025-04-09,0.01929726753019856,0.020225758644078187,0.018550980730588865,0.01911776642628155
2025-04-11,0.019112363478181765,0.019437972742718128,0.018660901824366687,0.01928456645770018
2025-04-13,0.019284214517441806,0.019715274592619004,0.018811340082774713,0.0192035929920951
2025-04-15,0.01919870382350545,0.019211720100027065,0.018506637274626262,0.018771285159489337
2025-04-17,0.018771584108431275,0.01891741845128371,0.01864506902712207,0.018805547019017092
2025-04-19,0.018806087328546172,0.019048201884919187,0.018636470478009523,0.018636470478009523
2025-04-21,0.018637644562030264,0.018949643983132248,0.01766962176617214,0.01880337142202182
2025-04-23,0.01880464653249163,0.019402727779963887,0.018788509132274697,0.01883142238660977
2025-04-25,0.018831546781782026,0.019334126087863477,0.018731569185535226,0.019238968670454822
2025-04-27,0.0192407641385455,0.019485021122713102,0.018794848343809685,0.018942209352732966
2025-04-29,0.01894273544922327,0.019306587175691014,0.018638008718264126,0.019042599268780495
2025-05-01,0.01904397932882372,0.0192385654784301,0.018815258056530334,0.019016269353365534
2025-05-03,0.019016269353365534,0.019209114510496225,0.018898222697721866,0.01918323124722498
2025-05-05,0.019181320433946065,0.01925833697105772,0.01875301071238099,0.018766451732307315
2025-05-07,0.01876650600162376,0.021379530765065227,0.01865550224099663,0.021369681676375905
2025-05-09,0.021367308687723626,0.024771129470538302,0.02134711631329196,0.024649640816248656
2025-05-11,0.024642867364364014,0.024855778844731218,0.02357338165266872,0.024276305742768407
2025-05-13,0.024274163497449795,0.026113621372806012,0.02381396234699703,0.02521741642216245
2025-05-15,0.02521896213383177,0.02540643237388563,0.024403302284444893,0.024525934715336636
2025-05-17,0.024524694528448753,0.024524694528448753,0.022523059715486148,0.023461366747825053
2025-05-19,0.023464952172397805,0.024116859693406253,0.02300777507364558,0.02362697479000246
2025-05-21,0.023627257773705133,0.024043194701585165,0.023109485970125628,0.02385331347429101
2025-05-23,0.0238550392840884,0.02445074057204774,0.023401101049885718,0.023481146077427042
2025-05-25,0.023484406259242672,0.02354687156525131,0.023095136639763886,0.023422753424899027
2025-05-27,0.023425667387327154,0.024872711153892342,0.023338708758286135,0.024872711153892342
2025-05-29,0.02487530770261542,0.02560947944590249,0.024196021154489253,0.02434644777678586
2025-05-31,0.02434625546221461,0.02434625546221461,0.02379625206862683,0.02403472441403781
2025-06-02,0.02403491363552762,0.024877090656942998,0.0238715937645966,0.02461429513441242
2025-06-04,0.024614108359252942,0.025279286137852162,0.02378090072718945,0.02378090072718945
2025-06-06,0.023780603012472926,0.02403777126818794,0.023566690025764205,0.0239157221063793
2025-06-08,0.023913828646625973,0.024376663956942518,0.023526166239592257,0.024305386219856104
2025-06-10,0.02430502362742903,0.02608575856163127,0.02430502362742903,0.02551196188099405
2025-06-12,0.025511428975526183,0.02559840062025766,0.023739463001914988,0.024314921587932938
2025-06-14,0.024315367274422843,0.024315367274422843,0.023840594896695887,0.02412040369961742
2025-06-16,0.024119646396015826,0.024615816417189337,0.023727574951918785,0.024001119612510065
2025-06-18,0.024000741061023102,0.024213612262187142,0.023821274858055384,0.024086411980313395
2025-06-20,0.024088848446650938,0.024116513964101763,0.021967614845306398,0.022491072710052473
2025-06-22,0.02249087690394516,0.02300093370593589,0.021508009723289735,0.022897926679567193
2025-06-24,0.022895437138962808,0.02335341532579048,0.02253673770689958,0.02253673770689958
2025-06-26,0.02253673770689958,0.023280586333947677,0.02237495751712259,0.022640499372347675
2025-06-28,0.022641006162338995,0.023274168967885263,0.02250814084655478,0.023069859970454742
2025-06-30,0.02306995435272758,0.023256051784448395,0.022670793383740524,0.022753953789415155
2025-07-02,0.022754574852865427,0.023874621921517142,0.022565152929788307,0.023642994818868356
2025-07-04,0.0236430838730497,0.02371384906272143,0.0230639814414625,0.02325684538084573
2025-07-06,0.023257010842744404,0.023745367936179575,0.023221810495775784,0.02348069283365908
2025-07-08,0.02348078519079229,0.024976704549410905,0.02348078519079229,0.024895213480120446
2025-07-10,0.024895229143191137,0.02568812712745858,0.024895229143191137,0.025174962724019583
2025-07-12,0.02517573209227364,0.025288231022969197,0.024839147308030083,0.02496090545550643
2025-07-14,0.024961661115489447,0.02664355528159253,0.024918756799339442,0.02664355528159253
2025-07-16,0.02665017794153295,0.029184151756884644,0.026500500871215985,0.029184151756884644
2025-07-18,0.0291842356249327,0.030480764672604636,0.0291842356249327,0.030480764672604636
2025-07-20,0.030480849475666906,0.03226044729451094,0.030480849475666906,0.03205074163563993
2025-07-22,0.032050738906314255,0.032050738906314255,0.030064698538009527,0.03055653473203503
2025-07-24,0.03055712392132067,0.031664633504796556,0.0299368317130472,0.031664633504796556
2025-07-26,0.031664633504796556,0.03243085133412512,0.031577899585041834,0.03243085133412512
2025-07-28,0.03243121243000021,0.032897903297593636,0.03176308215624129,0.03216362393674312
2025-07-30,0.03216437091543861,0.0326149662591618,0.0317550127458978,0.031945865481599424
2025-08-01,0.03194383807047936,0.03209732174749308,0.030077083449053466,0.030156737170454008
2025-08-03,0.030156598216332424,0.03233752411928227,0.029969463766588104,0.03233752411928227
2025-08-05,0.03233743721077937,0.03233743721077937,0.031438390348485445,0.03203865999465646
2025-08-07,0.032038488837563946,0.03460117593735156,0.031918950277113264,0.034370115154881455
2025-08-09,0.03436770995500951,0.03668658491611296,0.03436770995500951,0.03563533950628924
2025-08-11,0.03563485232357484,0.03854816218021357,0.03525383188857722,0.0382073826084937
2025-08-13,0.0382059674832522,0.03871540525897817,0.03791785305204114,0.03845479105699782
2025-08-15,0.03845681917859385,0.03916009164514298,0.03732912364652689,0.037672835550601906
2025-08-17,0.03767532302906025,0.03858751313938325,0.03684546393489622,0.037106820732326955
2025-08-19,0.03711218138057882,0.038204726962682185,0.03605265698825456,0.037952335987849396
2025-08-21,0.03795242350802389,0.04162259370578063,0.03752652260436912,0.04132610252281997
2025-08-23,0.04131707069634804,0.04286333550594978,0.04069450156428318,0.042130678640566445
2025-08-25,0.042127950145113634,0.042215667444335275,0.039651110543398475,0.04116781895478164
2025-08-27,0.04116772949141867,0.04141600190226121,0.03993789242835104,0.04007658729732176
2025-08-29,0.04007658729732176,0.0405333675572222,0.03964652764953161,0.04019957813499055
2025-08-31,0.04019866289327121,0.04108874793275362,0.03923924340131554,0.039496905018802576
2025-09-02,0.03949791194840053,0.03993345859665754,0.03874615622324554,0.03985753910759181
2025-09-04,0.03985744958836823,0.03995969725898235,0.03857692245594131,0.03892025289739108
2025-09-06,0.03892121995953418,0.03892121995953418,0.03851685303785199,0.03872705046103482
2025-09-08,0.03872201632491231,0.038825115711816516,0.038419444208985985,0.03863524473628821
2025-09-10,0.038636037454349896,0.03896734991840432,0.038167654273000506,0.03862014400722859
2025-09-12,0.03862023058957906,0.040980144404177014,0.03862023058957906,0.0402521305869121
2025-09-14,0.040251977898914,0.040395879672419,0.03901142081127552,0.03920556345086528
2025-09-16,0.03920660325752363,0.03942237710537489,0.038467609304659305,0.03942237710537489
2025-09-18,0.03942237710537489,0.03942237710537489,0.03853631729515512,0.038649405973930885
2025-09-20,0.038649319529274265,0.03884086790023305,0.03856873839968793,0.038570639172847074
2025-09-22,0.038573334601955264,0.03861650690220253,0.03623976773548617,0.03716017831075839
2025-09-24,0.03716023496743869,0.03716023496743869,0.03519396382575777,0.03554363176368295
2025-09-26,0.03554384865375062,0.0368977861618325,0.03554384865375062,0.03664671964300087
2025-09-28,0.03664662848994295,0.037041081539231795,0.03631294734209824,0.036870902923364916
2025-09-30,0.03686943913980051,0.03699756358846039,0.03617638504619928,0.03668181711637134
2025-10-02,0.03668264602206126,0.03733308604422368,0.036624894106987875,0.036921934043522835
2025-10-04,0.036922051774709495,0.036922051774709495,0.036534836920136114,0.03655237162997155
2025-10-06,0.03655213195810193,0.03802043160007589,0.03645310332630274,0.036658064403452574
2025-10-08,0.03665808940589529,0.03670608104028831,0.035638600338642835,0.03591594703710487
2025-10-10,0.03591446796632616,0.03591446796632616,0.03322119309383675,0.033836389428279955
2025-10-12,0.03383819374702513,0.03701647665242418,0.033715204598243044,0.036821182930239886
2025-10-14,0.03682136818939276,0.037111725332167174,0.03538932430172832,0.03598121176771228
2025-10-16,0.03597895590933832,0.036502829058501,0.03546532625360348,0.03600755662773744
2025-10-18,0.03600608170851481,0.036829472345928885,0.035912309865624256,0.03665457755997062
2025-10-20,0.03665674673914394,0.03665674673914394,0.035702331642526924,0.035755512935380915
2025-10-22,0.03575804131425106,0.03575804131425106,0.03475772494039945,0.03504889655397315
2025-10-24,0.03504889655397315,0.035912940316826965,0.03504889655397315,0.03541108665414875
2025-10-26,0.035410907562442785,0.03655403922636106,0.03521996459977227,0.036101693548924146
2025-10-28,0.03610082047876873,0.03610082047876873,0.035023910914306865,0.03547848427394965
2025-10-30,0.035478227776116325,0.035478227776116325,0.03456390204531263,0.03508792578252126
2025-11-01,0.03509392984608063,0.03536700183650658,0.03500875310253326,0.03534143791897592
2025-11-03,0.03534164635009766,0.03534164635009766,0.03086917804018207,0.032381426861524835
2025-11-05,0.032383065749819306,0.03331239604108174,0.031985393487188735,0.03269371866505796
2025-11-07,0.03269405927727862,0.03374243516700589,0.032151581211100455,0.03325188375775251
2025-11-09,0.03325202381493699,0.034359852644706534,0.03308816571593492,0.033645259203181045
2025-11-11,0.03364450450577933,0.03407471128844355,0.03315713463987639,0.03359373762335076
2025-11-13,0.033593807040327404,0.03426260047408581,0.03213694787958377,0.03288940514567742
2025-11-15,0.03289363598805294,0.03361291289823729,0.03227479252164904,0.03281951036442738
2025-11-17,0.03281959232781638,0.0338067337165783,0.03238323472461686,0.03361315040456505
2025-11-19,0.033610490220009545,0.033610490220009545,0.0323761132569151,0.032697161484534464
2025-11-21,0.032694622011859804,0.03297566630109792,0.03237909190802441,0.03268684187254694
2025-11-23,0.03268192216545949,0.033468650784576684,0.0322707706061498,0.03344466489750443
2025-11-25,0.03344455162520825,0.03386612361867242,0.03315225841617488,0.03345627264071443
2025-11-27,0.033455107593179864,0.033455107593179864,0.03300842701027097,0.03335700631248883
2025-11-29,0.03335699163253157,0.03348470295407076,0.032846492808247654,0.033096963849429444
2025-12-01,0.03309453748976747,0.03317556141692613,0.03227319105937466,0.032826866786368376
2025-12-03,0.03282599070058065,0.03444856859537999,0.03280228491638399,0.03402704440692529
2025-12-05,0.03402661012954169,0.034456207767619075,0.033829456007358406,0.034049522850913276
2025-12-07,0.03404919337183948,0.03446587614330008,0.03315750841961075,0.03446587614330008
2025-12-09,0.03446587614330008,0.03680876913797933,0.03446587614330008,0.036131389240843324
2025-12-11,0.03613405217631691,0.03613405217631691,0.03402161573013473,0.034167926357276016
2025-12-13,0.034167926357276016,0.03473671963714966,0.034167926357276016,0.03473671963714966
2025-12-15,0.03473765723109085,0.035299897510335326,0.03371012858505003,0.03371012858505003
2025-12-17,0.03371028586009205,0.03371028586009205,0.03269951968211024,0.03306284815141555
2025-12-19,0.03306314981253957,0.033811471937420456,0.03298188998250147,0.03370293791655245
2025-12-21,0.03370413887097079,0.03396974701934753,0.03359670348186508,0.033955133059587014
2025-12-23,0.033954296799854775,0.03412954079716289,0.03341369320664835,0.03361325067904001
2025-12-25,0.03361196067906442,0.03361196067906442,0.03324278058646376,0.03350355984556957
2025-12-27,0.033505350631264544,0.03365717556550298,0.03343806899478424,0.03355465899565188
2025-12-29,0.033555117926114354,0.03381829059484631,0.03350829382343019,0.03360579594255511
2025-12-31,0.033605780734618056,0.033942770613766514,0.033605780734618056,0.033885489877891445
2026-01-01,0.033883662452623996,0.03477000490191606,0.03382022161617152,0.03477000490191606
2026-01-03,0.034763188282190376,0.034763188282190376,0.03435142952631237,0.03435142952631237
2026-01-05,0.0343515388164793,0.03515627875271426,0.03424479642055035,0.03515627875271426
2026-01-07,0.035156033313733334,0.035158452683733195,0.03410340550677223,0.03410340550677223
2026-01-09,0.03410330314125358,0.03420705524525185,0.0340466893747969,0.034100772845678015
2026-01-11,0.03410087970401357,0.03447143330565667,0.03391301734533137,0.03391301734533137
2026-01-13,0.033913110336778414,0.035125120362079106,0.033913110336778414,0.034623055444754684
2026-01-15,0.034623048298286496,0.03481822878804309,0.034372350277683546,0.034491815511162725
2026-01-17,0.03449167472114815,0.035264092992951995,0.03449167472114815,0.035054035787356115
2026-01-19,0.03505347563887563,0.03505549359462573,0.03314658702891057,0.03322779796955693
2026-01-21,0.03322779796955693,0.03390477188671794,0.032821328849383984,0.03295990412509511
2026-01-23,0.03296041243652766,0.0330894056696771,0.03262765355788192,0.0330894056696771
2026-01-25,0.033089375144541945,0.03321839515569718,0.0323783259281957,0.0331613244588915
2026-01-27,0.03316173633083491,0.03389831456138362,0.03316173633083491,0.03370958246662593
2026-01-29,0.03370951820653975,0.033729328387934236,0.03212612191330087,0.03212612191330087
2026-01-31,0.03212600304609111,0.03220875428638527,0.029322876382301678,0.029502907652821514
2026-02-02,0.029503688091084425,0.03023603669485772,0.02891599447147428,0.02946063116979897
2026-02-04,0.02946063506101926,0.029826648284131167,0.028864056348534003,0.029037520547406315
2026-02-06,0.029037118442952592,0.030131838438333124,0.029037118442952592,0.030131838438333124
2026-02-08,0.0301322404674665,0.0301322404674665,0.029391812331063864,0.030017621082519458
2026-02-10,0.030017586819045813,0.03012453067424994,0.02891780362761915,0.02891780362761915
2026-02-12,0.02892484966503596,0.029860223040184184,0.02892484966503596,0.029754637736108442
2026-02-14,0.029756090968263878,0.029887976161506024,0.0283255703565238,0.02856999566077273
2026-02-16,0.02857121260047633,0.029507359906256112,0.02857121260047633,0.029507359906256112
2026-02-18,0.02950742939991353,0.029781778554606207,0.02902694993966431,0.029089523420443925
2026-02-20,0.029089550045869807,0.029089550045869807,0.028931654945868,0.029026705009968092
2026-02-22,0.029025547065645523,0.029058925670657106,0.02870791929316929,0.02870791929316929
2026-02-24,0.02870774089280791,0.030711975946640723,0.02870774089280791,0.030262661921808678
2026-02-26,0.03026251485219283,0.03026251485219283,0.02905733505076457,0.02929541669386782
2026-02-28,0.02929541669386782,0.030132410072158743,0.029112733049691468,0.029491363382591024
2026-03-02,0.02949121134017484,0.029816832870679086,0.029017076124990288,0.029017076124990288
2026-03-04,0.029018380434397677,0.029718476868623528,0.0288198529973564,0.029239027025425943
2026-03-06,0.029241707745408605,0.029312931435969573,0.028857724125534914,0.029283570151011226
2026-03-08,0.029283548382060945,0.029562342507188415,0.02912515242487983,0.02912515242487983
2026-03-10,0.029124755209031978,0.029258039759433675,0.029095271866104343,0.029237945660517566
2026-03-12,0.029240417602206546,0.029926571228884914,0.029151484730191864,0.029502616568470752
2026-03-14,0.029502604091408577,0.030095941066276263,0.029301829980576382,0.029914421360731535
2026-03-16,0.029913464326827593,0.03184751289693278,0.029913464326827593,0.03136488525985837
2026-03-18,0.031366508960255335,0.03148026426342148,0.030502134120511434,0.030571496431552308
2026-03-20,0.030566965627553327,0.030566965627553327,0.030181167753544926,0.030248173623448657
2026-03-22,0.03024727310083411,0.0306255962623822,0.029989583901789716,0.030355159499631017
2026-03-24,0.030355018425046152,0.03056061199854908,0.030355018425046152,0.030404153178322145
2026-03-26,0.030404153178322145,0.030404909167821053,0.02982681450624775,0.030006323543968972
2026-03-28,0.03000627833405227,0.03040134829616121,0.029829301189283255,0.0300641077344699
2026-03-30,0.03006532063267196,0.030962615916809585,0.03006532063267196,0.03083256017787706
2026-04-01,0.03082923566166679,0.03145787943273364,0.030663452240629264,0.030746278696917945
2026-04-03,0.030746191369695752,0.030913906639627724,0.030609416270539376,0.030687642308727336
2026-04-05,0.03068719652011465,0.03093588278485817,0.030342334475679383,0.030619635744620507
2026-04-07,0.030617730604653864,0.03124289070486681,0.03040487630554966,0.030819619167533695
2026-04-09,0.030818363958739246,0.03134831505053901,0.03046353647724261,0.03078814324314915
2026-04-11,0.030788086358726412,0.03157297368842091,0.03073628509692431,0.030977543754119884
2026-04-13,0.030976975275603173,0.03198940436129782,0.030812260624356724,0.031330506246334114
2026-04-15,0.031329114948120546,0.03163962102120579,0.03114961703603213,0.031241806642959394
2026-04-17,0.031241806642959394,0.03149354347245397,0.03099651723037018,0.031052743415376532
2026-04-19,0.03105298293550515,0.03105298293550515,0.03050614751343776,0.03050614751343776
2026-04-21,0.030504315417552393,0.03051841335668484,0.030371412734023013,0.030371412734023013
2026-04-23,0.030372582967416576,0.030372582967416576,0.02968033949925808,0.029895572497483
2026-04-25,0.02989578302668791,0.03046796771434247,0.029813117082279447,0.03012996659795769
2026-04-27,0.03013000106514492,0.03025274839730285,0.029589986930370207,0.029991701905836676
2026-04-29,0.029991570897087653,0.030143184266359275,0.029571919989139845,0.029571919989139845
2026-05-01,0.029571900614408387,0.02960146421225921,0.029355733757150018,0.029447887538046072
2026-05-03,0.029447760437115354,0.029719585564560412,0.029390866020880358,0.029390866020880358
2026-05-05,0.02939144397603511,0.02939144397603511,0.028863813209505092,0.028863813209505092
2026-05-07,0.028863782568222793,0.028863782568222793,0.028635601066867737,0.028774075047752264
2026-05-09,0.028774071459277323,0.028901919224856756,0.028699437735285792,0.0288505048826187
2026-05-11,0.028849397036212872,0.028849397036212872,0.02825208239928676,0.028262808342190197
2026-05-13,0.028261441446344807,0.028578085549977143,0.02816675169034684,0.02816675169034684
2026-05-15,0.02816688548706311,0.028169688608134177,0.02785455023366744,0.027911519372230242
2026-05-17,0.02791091604319121,0.027971107512265767,0.027083738145439913,0.027656923027149154
2026-05-19,0.027656273367447397,0.02773332726631789,0.02745710637778342,0.02745710637778342
2026-05-21,0.02745697731909747,0.027595311950623216,0.02728655026975726,0.027340923919409472
2026-05-23,0.027343343687669098,0.027775064326056868,0.02702724908199292,0.02725199785398719
2026-05-25,0.02725258241925303,0.027509347012632544,0.027143593179444682,0.02730260954768649
2026-05-27,0.02730260954768649,0.02754148362745841,0.027089419456283362,0.027295227303796975
2026-05-29,0.027295087564371164,0.027523693376927737,0.02724200262458423,0.027371405570019637
2026-05-31,0.0273722479343413,0.028102362715961542,0.02716243232753711,0.028102362715961542
2026-06-02,0.028103484566768564,0.028268603093924653,0.027622945543425207,0.028268603093924653
2026-06-04,0.028268446970725964,0.028268446970725964,0.02595370456605491,0.02595370456605491
2026-06-06,0.02595128561105652,0.026843378487657336,0.02530234622520097,0.02669393747860417
2026-06-08,0.02669125189235096,0.026797287367126756,0.02635355972140962,0.026554046629583328
2026-06-10,0.026554046629583328,0.026554046629583328,0.026303977596765376,0.026303977596765376
2026-06-12,0.02630237123151401,0.02630237123151401,0.02608245364749214,0.02608245364749214
2026-06-14,0.026084316253008367,0.027487601789202832,0.025944614294277087,0.02708052723305236
2026-06-16,0.027080470334212233,0.027454672529837534,0.026904225421103226,0.027140326661530333
2026-06-18,0.027140016309024198,0.02720347481987946,0.026824847342480758,0.026927030711325888
2026-06-20,0.026926873189881708,0.027173760931856614,0.026891317790046193,0.026959847096803373
2026-06-22,0.0269626257861312,0.027122554255253742,0.026397893947523222,0.026574106939936618
2026-06-24,0.0265741111811757,0.026796531639230604,0.026218958176708735,0.026218958176708735
2026-06-26,0.02622046579318718,0.026428888235581212,0.0259193961707611,0.026217685193263677
2026-06-28,0.026217352174047224,0.02694620844598002,0.026217352174047224,0.026768540757032055
2026-06-30,0.02676835517050076,0.026977972781632276,0.02662080851491445,0.026842111735217406
2026-09-28,0.03216,0.03216,0.03216,0.03216
2026-09-29,0.03224,0.03224,0.03224,0.03224
