time,open,high,low,close
2019-07-26,5.888696963224334,6.044485379467077,5.838268532075914,5.934478074586167
2019-07-28,5.942523220585439,6.421707038285544,5.838044046340256,6.275478781859296
2019-07-30,6.265232407879928,6.424564605072118,6.032289738601154,6.071340777684863
2019-08-01,6.061342049672155,6.094997939155439,5.742139923573015,5.826458635817292
2019-08-03,5.838044073458333,5.940861428275674,5.612743879118934,5.671365964448292
2019-08-05,5.656825881811526,5.707101687415062,5.229410505487612,5.364265363523062
2019-08-07,5.373750110589353,5.47526922422734,5.120241700866419,5.233588082928704
2019-08-09,4.796583138667886,4.903748733848527,4.619950012468403,4.865694648687147
2019-08-11,4.8678179320382435,5.044125583457677,4.814698532194654,4.899580766838069
2019-08-13,4.917735751152126,5.19467593490233,4.837030965851515,5.05415163026819
2019-08-15,5.102607899966097,5.226635200509465,4.958832207309584,5.000302597924668
2019-08-17,4.994303954810633,5.205496310552409,4.950770222913572,5.135811552220723
2019-08-19,5.144843021116775,5.174017685740286,4.912298143140772,5.002867374812058
2019-08-21,4.99855355291569,5.293792106000166,4.949885501167053,5.169571574091393
2019-08-23,5.176440624752118,5.358757860018219,5.059063997442656,5.237283041741189
2019-08-25,5.250277661403422,5.360253428625839,5.029482377012487,5.109647520253193
2019-08-27,5.110271123103301,5.311873000882918,5.044984050040211,5.151195476238049
2019-08-29,5.456692780069748,5.641953478265083,5.281890347133382,5.365570404339919
2019-08-31,5.37198578526321,5.409300825692861,5.202380198405535,5.276690801331412
2019-09-02,5.263455109152293,5.304831155650683,4.978095049493215,5.034563743426099
2019-09-04,5.03450103978061,5.125045364029641,4.891941154354383,4.969829400162762
2019-09-06,4.985420248497984,5.097023832475956,4.859230953759823,4.992905721673656
2019-09-08,4.997801838961164,5.2157343138921295,4.953910186163512,5.128300535539825
2019-09-10,5.123745444509332,5.2465336491404875,5.016074182139171,5.065615053370783
2019-09-12,5.074914728047286,5.2329799219782815,4.962554098881751,5.064128533575812
2019-09-14,5.051706782409791,5.2070143262801345,4.96817754244512,5.115921591199596
2019-09-16,5.141371910883636,5.386383981968287,5.009173959737245,5.3120849336237725
2019-09-18,5.204299059088298,5.502679869357588,5.201067809433887,5.2578883498170494
2019-09-20,5.296205578540935,5.406396637796951,5.154125621581548,5.328953521223799
2019-09-22,5.3028108006071,5.36751790791968,5.166571456969504,5.221258181115424
2019-09-24,5.246661870713829,5.411060130327659,5.084734476481119,5.306188686629302
2019-09-26,5.2866390663866225,5.440218091866847,5.24545322059842,5.353224891441888
2019-09-28,5.365954541751788,5.4702954813358105,5.3076599256321835,5.399022744398042
2019-09-30,5.395439254900413,5.494564918197326,5.292138870142738,5.375413928936143
2019-10-02,5.382420468092874,5.545519065594365,5.314576550634909,5.489960638772942
2019-10-04,5.503725080251881,5.64644372217103,5.387325550047758,5.575492024854881
2019-10-06,5.577211537355372,5.714706943933372,5.472975431765142,5.60391562434784
2019-10-08,5.597585705599874,5.875894728477435,5.510809126430569,5.655740453343369
2019-10-10,5.657938715527849,5.795786018224927,5.293370476955437,5.691523746762551
2019-10-12,5.70661799582702,5.782894407982827,5.553377801087345,5.691659319736828
2019-10-14,5.692844602813868,5.829308109048506,5.538788159670613,5.707017244985249
2019-10-16,5.720432929035037,5.826378799751413,5.534725371963428,5.710886073697484
2019-10-18,5.7128857538314834,5.826493539541709,5.5987830216268,5.700951493152801
2019-10-20,5.6815635268745615,5.784432727011107,5.534939226116558,5.642560707387501
2019-10-22,5.654171111213353,5.823486102116992,5.571083901176232,5.782350754793596
2019-10-24,5.780927806323126,5.912531962962701,5.557472848039402,5.575198988033829
2019-10-26,5.548293673306942,5.70813947285357,5.1280199202982795,5.484573821963775
2019-10-28,5.482245232791028,5.78713758381745,5.356964477984154,5.486494878332664
2019-10-30,5.471114621506761,5.718135177713166,5.3934969349757305,5.6151098362205305
2019-11-01,5.606261890992509,5.77458696200025,5.515369370275244,5.670653612680514
2019-11-03,5.6624648016831225,5.80996803006008,5.5864867594782925,5.679452501525145
2019-11-05,5.688847753154993,5.87088548985772,5.583972840490488,5.754991590270212
2019-11-07,5.766580748849979,5.972424058336688,5.7169968246909075,5.935650790154532
2019-11-09,5.938457496016849,6.0746367127964715,5.8454869595479515,5.943637668231166
2019-11-11,5.941160308777025,6.168981834621106,5.894465456453199,6.066240693235721
2019-11-13,6.064164544369155,6.334491364654532,5.985723357835808,6.2099141284976485
2019-11-15,6.257556839706349,6.384215524798496,6.088833390495036,6.250513687205614
2019-11-17,6.272897128664266,6.521621909408745,6.155296282623364,6.353303583066808
2019-11-19,6.3190170319425585,6.4826768161854,6.143128614590563,6.3133751733108205
2019-11-21,6.244658892551417,6.383632025657569,6.05776056168215,6.203166241494528
2019-11-23,6.193691093793613,6.393518647082547,6.1065083902090675,6.210136520761022
2019-11-25,6.218151834125816,6.367785669312771,6.0816916857496,6.221732910078993
2019-11-27,6.209995784729524,6.365256075154675,6.089561532599581,6.243815500816002
2019-11-29,6.245971323948581,6.361865161223719,6.133725029836345,6.256756979711728
2019-12-01,6.198384320914404,6.4592176098557985,6.128776427546825,6.373407922129751
2019-12-03,6.383659484432079,6.533169066816467,6.1544732002665254,6.266543973426483
2019-12-05,6.305678402288506,6.490378414992029,6.105593203211761,6.329050188735298
2019-12-07,6.323881821374934,6.449658319727167,6.2339434054653555,6.343616181882073
2019-12-09,6.337689878909078,6.490704808272992,6.082824355998392,6.28639042660948
2019-12-11,6.279928155978622,6.570425947742438,6.195899095436061,6.356537014336578
2019-12-13,6.3592710894126006,6.502253146510391,6.250189508854227,6.391186094883924
2019-12-15,6.387202247573767,6.558527439261687,6.275319218113149,6.429209885640503
2019-12-17,6.403273108120756,6.538658172337591,6.188162477108957,6.313811690962585
2019-12-19,6.33687914556524,6.595355114836149,6.195523927315782,6.470872652405152
2019-12-21,6.431953610189581,6.5783696137670296,6.306576814776506,6.322160054261274
2019-12-23,6.331519454535287,6.40870168006572,6.175137263244969,6.323286480007667
2019-12-25,6.31157825149328,6.440908834185508,6.182717408573387,6.34357583524998
2019-12-27,6.354328468997542,6.475570671093644,6.217238712876719,6.286636800634534
2019-12-29,6.2968112265955165,6.387417314806276,6.177112598311671,6.330578986278663
2019-12-31,6.3031105056050505,6.385471702898314,6.212706888528555,6.292472453469383
2020-01-01,6.2740306653274915,6.39654823928154,6.218328463650118,6.3326621556475855
2020-01-03,6.345542507883117,6.442313837380034,6.210532200151904,6.321100294230804
2020-01-05,6.342015464204833,6.440770868621399,6.229925325577268,6.254988426725578
2020-01-07,6.261536461934168,6.3107985148398775,5.9453268540863675,6.083182921545648
2020-01-09,6.118050166181174,6.274060610561436,6.037832354031935,6.097579642601696
2020-01-11,6.095205422538604,6.3325100066379845,6.036562154252482,6.207505519265235
2020-01-13,6.177313186830676,6.321236108515049,6.009184303722321,6.085299415835159
2020-01-15,6.104862204745003,6.830712744648543,6.10013121264885,6.570356578620122
2020-01-17,6.600980214585609,7.310220661348378,6.359816078900038,7.038255904598406
2020-01-19,7.642167214002786,8.332783056721837,6.548004567000143,6.716475568009482
2020-01-21,6.766117871446402,7.037750464062474,6.674693491763993,6.796782363074723
2020-01-23,6.933098562314506,7.070069916086546,6.556524872480695,6.821585782236352
2020-01-25,6.846705798254795,6.99630503869308,6.720954462315529,6.881242844180408
2020-01-27,6.842433489596919,7.0470850805468634,6.658062832155853,6.723204038663261
2020-01-29,6.739407531838508,7.0103107587052875,6.642978286304925,6.84453423804073
2020-01-31,6.859141213014672,7.063216987031643,6.6388395501018325,6.9090469401042975
2020-02-02,6.939452102492037,7.132078048997652,6.783609990456453,6.946642357759006
2020-02-04,6.940685332291929,7.293065441232964,6.827796663055666,7.063549878653158
2020-02-06,7.073476326260971,7.3610855947223,6.894184987917165,7.16200041702177
2020-02-08,7.166381995943662,8.029798561342723,6.96701273425978,7.129097049426981
2020-02-10,7.470535232531479,7.9572850976900185,7.29440932507013,7.7323395596801765
2020-02-12,7.235989667434412,7.573517530346094,7.09479267322008,7.339409487597708
2020-02-14,7.371151632925321,7.75040184449237,7.206600838076875,7.407180492099616
2020-02-16,7.400993106849072,7.599635083129802,6.972141577441524,7.282196903450197
2020-02-18,7.301753794641416,7.508460178822321,7.129138600602171,7.30599937118514
2020-02-20,6.773703836570133,7.550496240095536,6.623453386698168,7.366542552511711
2020-02-22,7.385578047830917,7.506305567351773,7.237935908043876,7.321924045060903
2020-02-24,7.316105866350011,7.422781685928315,7.003691944736251,7.097526554929565
2020-02-26,7.0813943230555285,7.345440773804299,6.763519814118367,7.183983743536709
2020-02-28,6.459582487297194,6.6595516089565505,6.3179807642466015,6.511947805537462
2020-03-01,6.485208395716316,6.696572531947657,6.38109111392476,6.575305534255871
2020-03-03,6.572213262313271,6.798308449967627,6.484880090638979,6.654741036564364
2020-03-05,6.645505654968535,6.788373263751995,6.505357909747913,6.6255677291660735
2020-03-07,6.6483912343384866,6.791275422935364,6.42325574956034,6.562594852962371
2020-03-09,6.567825572863313,7.041215309631081,6.567825572863313,6.946131104513912
2020-03-11,6.840495582043284,7.099229642640552,6.663155553153359,7.099229642640552
2020-03-13,6.684980270618814,7.7003599527507,6.221553689853769,7.661510845271461
2020-03-15,7.203164603360493,7.351463877508611,6.917699082744284,7.083366574326762
2020-03-17,6.589078880415291,7.178618553680336,6.476787111349817,6.87001985558299
2020-03-19,6.802213600493177,7.394172369881469,6.48734328550043,6.686650315772301
2020-03-21,6.686600521311845,6.875645276125238,6.433304068185854,6.522846346305132
2020-03-23,6.545774395905575,6.756714963114073,6.303393984997592,6.429026996353611
2020-03-25,6.427030070468826,6.6177204659090565,6.233316947167001,6.5206518355216545
2020-03-27,6.6770336212606844,6.871127886132718,6.419624185495117,6.684476796046806
2020-03-29,6.784653363205925,6.908255303748537,6.630350620049215,6.698346027468316
2020-03-31,6.646523586462229,7.163372206375358,6.555398917259674,6.642716221488428
2020-04-02,6.652500009663543,6.798661784533643,6.479589337221506,6.693332003172807
2020-04-04,6.68935645176689,6.814560732858254,6.585365314668714,6.685750351141062
2020-04-06,6.682987031626753,6.96310081233216,6.577974510423802,6.787086961700875
2020-04-08,6.703715381819119,7.006850663480541,6.619690685260937,6.914005853280236
2020-04-10,6.83449850669849,7.011317061812204,6.64545192880933,6.8554597621071
2020-04-12,6.869185400267928,7.024461855763646,6.697283338457483,6.7814390304537495
2020-04-14,6.842557019479971,7.324278618139651,6.714287948928105,7.216687418279479
2020-04-16,7.31473759701627,7.8283210764284465,7.038354641190489,7.211120912422307
2020-04-18,7.266636809480283,7.354959014194085,7.076249886748279,7.273538605324727
2020-04-20,7.254034040926383,7.348104038728725,7.189058345854002,7.2562194833197395
2020-04-22,7.257074195687798,7.351819555512362,6.995378096672661,6.995378096672661
2020-04-24,7.019372046743522,7.99014854481053,6.9807974435742,7.839102935676642
2020-04-26,7.8283075108613875,8.014530952876017,7.666283849251563,7.788087418619491
2020-04-28,7.823277785620268,8.05296294249321,7.514190288777415,7.585689188265664
2020-04-30,7.623661807236029,7.709708868375556,7.236087287256339,7.3753200245298105
2020-05-02,7.429273402676332,7.6123237714700895,7.265652273896868,7.35414852071719
2020-05-04,7.355180118950518,7.595776730918165,7.228305759283322,7.457361949790714
2020-05-06,7.4265407941117525,7.5890856605272905,7.084597191488966,7.141718568227039
2020-05-08,7.1028206579313995,7.5201034338553585,6.995786100396028,7.379217068402884
2020-05-10,7.368235738884171,8.065719851654794,7.368235738884171,7.782882959687999
2020-05-12,7.804078492802688,8.007802334068618,7.5858420598934675,7.700154472204303
2020-05-14,7.5967828686137855,7.770670346791129,7.31114906234356,7.54694217639294
2020-05-16,7.556327006315088,7.725758351719178,7.407349920306528,7.4671119771223
2020-05-18,7.487168974433439,7.6422375914863325,7.136609812070254,7.26115526597478
2020-05-20,7.2577689827029,7.646597244303312,7.200190246193866,7.460242280240728
2020-05-22,7.4212978679917825,7.843134464694707,7.325346011946948,7.612850183071758
2020-05-24,7.62449329592244,8.05465841542235,7.547835253206382,7.848801847258452
2020-05-26,7.89626848931745,8.109709230774477,7.681958988712418,7.77255968621762
2020-05-28,7.774650606360689,7.891819685965803,7.564458419681943,7.765850714646584
2020-05-30,7.759277574453711,8.000836992515904,7.594290123700088,7.744049082967789
2020-06-01,7.718516864802516,7.903392506657419,7.51972950964241,7.836232887501694
2020-06-03,7.832448952668533,8.084298582040585,7.711444826377756,7.892792776717046
2020-06-05,7.872261431748649,8.126347217917063,7.752130357827126,8.00820882088209
2020-06-07,7.999294423425142,8.143885960353405,7.778482986733207,7.932667279949227
2020-06-09,7.944698260194008,8.297357939227384,7.8742466558871085,8.078113584464813
2020-06-11,8.082383706772728,8.308839688425488,7.862022306844761,8.109132512778874
2020-06-13,8.122602113091725,8.291619653297774,7.889494883600974,8.019989427946959
2020-06-15,8.234990519146836,8.411850289164514,8.016423588092307,8.26004582305252
2020-06-17,8.245769931261384,8.508584911545505,8.151513660602436,8.292908292908292
2020-06-19,8.275538195479754,8.468162482398725,8.133272044857085,8.285365069634967
2020-06-21,8.274915990415991,8.496245670811332,8.176167878247465,8.322198011515319
2020-06-23,8.315394351113659,8.647997827764598,8.187900569251637,8.493290663073381
2020-06-25,8.485052644186682,8.647271642236396,8.328336411334256,8.466660087003394
2020-06-27,8.467769178505954,8.614186838152602,8.207279941854754,8.39723203543485
2020-06-29,8.412606615830656,8.645685225725398,8.30503733517743,8.463733241663803
2020-07-01,8.493272515602039,8.73469250437357,8.332364837042482,8.525678279754075
2020-07-03,8.55690241096037,8.9079009058005,8.418028960232732,8.74488352210394
2020-07-05,8.732915825221422,9.031167432144235,8.57509632729072,8.822855259785435
2020-07-07,8.822357701250434,9.259130286469624,8.744962258689409,9.069819157406943
2020-07-09,9.30221996538456,10.681678830326579,8.932128612491367,9.165472296072616
2020-07-11,9.191124775514812,9.708797662359984,9.062422668799007,9.47046386815808
2020-07-13,9.606702909764882,10.070856781672767,9.370133033539442,9.784302459625328
2020-07-15,9.783635292869658,10.175811016764643,9.478750173963087,9.806781447775332
2020-07-17,9.821389747690448,10.14966899428675,9.666542025626692,9.91826300660479
2020-07-19,9.93509034327152,10.204157480542255,9.552291878877673,9.703191227341405
2020-07-21,9.706469435693464,9.995606529264412,9.441790879370531,9.665719964926623
2020-07-23,9.720406681190994,9.928996699894533,9.435039994362029,9.518508094359488
2020-07-25,9.513023782559456,9.612205105604414,9.09963577998642,9.207589174791536
2020-07-27,9.193734384009225,9.193734384009225,8.31172554185899,8.63146090262395
2020-07-29,8.635510562566449,8.790849962914042,8.378618596062967,8.55332342169199
2020-07-31,8.57352647896006,8.685325264750379,8.09279666489459,8.35979073201761
2020-08-02,8.37256771154601,8.717463362342553,8.224451598891061,8.556719878582808
2020-08-04,8.557036272075376,8.861620276080561,8.388934165098464,8.42470356948824
2020-08-06,8.423814775214542,8.77479925880173,8.315064068667663,8.618542028407958
2020-08-08,8.621234508852694,9.55464206662359,8.496572734196496,9.287535442513084
2020-08-10,9.284792244775668,9.66191653337211,8.850754104757014,9.33516158149215
2020-08-12,9.351596203623814,10.346221953484354,9.119795719700443,9.790547871453676
2020-08-14,9.804464544178451,10.25994844870752,9.541854920724896,9.96227126957178
2020-08-16,9.998896012450825,10.437377408122614,9.562966906901304,9.732805153417253
2020-08-18,9.715813654130931,10.080020629903258,9.35927457389168,9.663908811828032
2020-08-20,9.661177856171884,10.618061565748842,9.492561414880582,9.797327758179584
2020-08-22,9.774528482689425,10.541057401729915,9.542456233132043,10.233203621567311
2020-08-24,10.242694210841636,10.582630406910049,9.841400327651304,10.146238362541075
2020-08-26,10.143673981548815,10.563859733951354,9.805964532668517,9.994409820368896
2020-08-28,10.259922272664742,10.869599988969018,10.150235746105347,10.609169345098818
2020-08-30,10.613755635316236,10.888611169720676,10.077669048444143,10.209498682168233
2020-09-01,10.21310871766547,10.320651057712055,9.617361410030188,9.890846244807616
2020-09-03,9.941097222643132,10.154322161036653,9.207367867944841,9.94319021327793
2020-09-05,9.949421312334692,10.410214524519917,9.260348359976396,9.942140880589088
2020-09-07,9.948643109979507,10.117185362621061,9.558201585222875,9.804870961526921
2020-09-09,9.807794256863364,10.448475475956617,9.670568143149731,10.1608828572649
2020-09-11,10.165758996908028,10.486554975934862,9.939614015527825,10.29921128157039
2020-09-13,10.318514870692871,10.535710093207804,9.874289997088756,9.99747910623936
2020-09-15,9.999112244807371,10.152226072279301,9.338206476662688,9.556153843887984
2020-09-17,9.592554102868313,9.931262999354514,9.385471710988936,9.593631060701215
2020-09-19,9.6490762323466,9.979979288919571,9.443070621702333,9.601383059001085
2020-09-21,9.65091174712014,9.868615775429111,9.238970063300176,9.530405852092603
2020-09-23,9.556025174876801,9.809055996072761,9.190972727419695,9.63295044861276
2020-09-25,9.629603870577563,10.076245035361515,9.501431673498132,9.85301692641263
2020-09-27,9.86035109579103,10.393708353195036,9.669773954599302,10.123659532894177
2020-09-29,10.1330081068264,10.348204188752089,9.892586978399843,10.154223298657016
2020-10-01,10.155877317990015,10.422293756658023,9.71533451745437,9.954491091148796
2020-10-03,9.966463944973215,10.185501687895936,9.762255792916593,9.902021822065112
2020-10-05,9.909185282982534,10.000330581545725,9.311257197776555,9.360117165584793
2020-10-07,9.355294098136428,9.622976974730648,9.156958917828769,9.448585503316922
2020-10-09,9.450861375834705,9.811813002080134,9.335146669627223,9.548788220220668
2020-10-11,9.532738672609248,10.555796630802813,9.318740528113912,10.348335363844397
2020-10-13,10.388204038508535,12.184008177182632,10.228592301637718,10.647864706421611
2020-10-15,10.299222219355942,11.472035969735435,10.12341751318609,10.335382150623607
2020-10-17,10.313859751600512,10.584465950075685,10.162956906637783,10.328819689883687
2020-10-19,10.329017455174196,10.389194419528376,8.928107159220712,9.777838599003287
2020-10-21,9.804025721558505,9.813175355574014,9.308325185298088,9.454842275488526
2020-10-23,9.430604452899795,9.742420023024208,9.28342645058788,9.58437822193817
2020-10-25,9.579861255678477,9.947625589013233,9.37509520918358,9.535961574827004
2020-10-27,9.574710123224424,9.695436578109474,9.09924499292216,9.362044149153942
2020-10-29,9.410135639381163,9.63870713369085,8.857112051456278,9.226341353230893
2020-10-31,9.223812261141395,10.809722333105949,9.046687208251507,9.448698764012178
2020-11-02,9.448065722899388,9.669159163652497,8.682614575773082,8.873333085757315
2020-11-04,8.85937457704156,9.116245604372828,8.173019828005733,8.199002303174147
2020-11-06,8.19097283963691,8.904418212615687,7.9848370063146215,8.549672654386223
2020-11-08,8.54214358700465,8.86778079188349,8.23037582998842,8.68326570909883
2020-11-10,8.707272895885133,9.210422255315024,8.402912691713915,8.648767441089829
2020-11-12,8.647308159891008,9.033271368846451,8.241784771697112,8.672354301017728
2020-11-14,8.660081103608253,8.877359608518356,8.42314429670703,8.555421277438143
2020-11-16,8.528064440069764,8.717365730316295,7.768635896756107,7.972517923701272
2020-11-18,7.87113071889812,7.9456361664819815,7.5049665605046165,7.7029251110173735
2020-11-20,7.703269397465612,7.844884103076454,7.366513021424346,7.669148082988878
2020-11-22,7.677418367890356,7.912164201429786,7.427593540430685,7.7918193453400635
2020-11-24,7.804808437772196,8.32789603489859,7.536873047016049,7.953120354762031
2020-11-26,7.967970200490402,8.326949566591553,7.788795982098859,8.086653272639559
2020-11-28,8.090689693226496,8.332019702839164,7.863657910785127,7.938480678211504
2020-11-30,7.949489324875289,7.988945675125417,7.60171821734818,7.732500608347026
2020-12-02,7.754913643112935,8.106625684962518,7.658494817462608,7.887907416386739
2020-12-04,7.8997049275741675,8.137557815938335,7.7371692976597295,7.953101010931361
2020-12-06,7.9619350336125425,8.080223867177097,7.7515230547092635,7.92187811405802
2020-12-08,8.003703759232902,8.29183679589491,7.7944442600040045,8.08043130870205
2020-12-10,7.950005607423156,8.134218906116669,7.772201580854872,7.9054794340029595
2020-12-12,7.914647723485772,8.081816541350262,7.787891125969269,7.880400828475481
2020-12-14,7.921472879766556,8.086599106638783,7.799653851800592,7.9608558686622946
2020-12-16,7.924960681904203,7.9699103462648875,7.207462221138974,7.286822352241834
2020-12-18,7.273020686911624,7.707702412777382,7.1707365106004035,7.235933498405081
2020-12-20,7.232353055513825,7.398748254635508,7.0357277570371455,7.2421647326320535
2020-12-22,7.234041425407433,7.383892207115146,6.195799159492981,6.442821370424751
2020-12-24,6.415892926482604,6.801358375546589,6.299733413145865,6.499462830860149
2020-12-26,6.497990759562208,6.731743331615073,6.01069962645621,6.2774363898851355
2020-12-28,6.292853038587186,6.59762252700859,6.165899821812543,6.335484866366047
2020-12-30,6.319411005125088,6.5920005285240295,5.966566160564714,6.4459575207618816
2021-01-01,6.472393476710576,6.734177728320567,5.861393506308257,6.037243858406389
2021-01-03,6.0547752837780555,6.874669926229202,5.625972558377829,6.662246667119906
2021-01-05,6.6338221653909795,6.958033410668683,6.302455310516546,6.384713821862732
2021-01-07,6.424323584757465,6.6347071401009465,5.874963438479053,6.041199484784389
2021-01-09,6.060792501497564,6.744083134626344,5.893065465621191,6.578371070679517
2021-01-11,6.569638971345664,6.956271907908759,6.444449984089062,6.77313018292917
2021-01-13,6.776098458194458,7.007262509095477,6.462245496927293,6.579676360748862
2021-01-15,6.605576227940961,7.332945924560513,6.605576227940961,7.158309023219749
2021-01-17,7.1768304158119705,7.623165601783215,7.050372725028102,7.3951939264930795
2021-01-19,7.402466398609377,7.55908474482581,7.099294119265432,7.416792272300398
2021-01-21,7.425010640678541,7.913211339805813,7.390207125627013,7.627049543438227
2021-01-23,7.645398419790437,8.069908584738759,7.637590032748347,8.069908584738759
2021-01-25,8.069178268406315,8.346012099795463,7.712839381840555,8.118595927999397
2021-01-27,8.120105046279976,8.89850297507075,8.033509088109781,8.49623302213546
2021-01-29,8.522748430498876,9.234049850817136,7.91685514445843,8.498948088423619
2021-01-31,8.506532118209211,9.276288115888761,8.40229071334487,8.907942351549318
2021-02-02,9.60173619934391,9.672458165517876,8.309307219758812,8.896893642300615
2021-02-04,8.640032989330193,9.998624709586904,8.453034004460596,9.477499430142231
2021-02-06,9.477117886725454,9.636567650301327,8.333749276363113,8.78905438578235
2021-02-08,8.790974300427013,9.177024748157764,8.168759373376483,8.806238781693681
2021-02-10,9.734203596746624,10.78293959374516,9.515642458226491,10.197606688566983
2021-02-12,10.197407979604407,11.180956284432812,9.993966556719885,10.7258219592938
2021-02-14,10.739929800384079,10.957034685729678,9.451815676720924,10.272468723189771
2021-02-16,10.275887629681648,10.627770432993039,9.61052843583705,9.986292747678844
2021-02-18,9.978508730306057,11.053540418004546,9.653099033958727,9.918267486724282
2021-02-20,9.958614455240548,10.973591798221682,9.608152660054238,10.074119458940054
2021-02-22,10.09964425798028,10.840950042711656,9.615272092374187,10.402945867555465
2021-02-24,10.414215729781116,11.115451021525145,10.243391709877885,10.553698899454286
2021-02-26,10.57102477753607,11.023104102860888,10.310046322985263,10.84001457687658
2021-02-28,10.848283200846378,11.017903091517917,10.391117913428975,10.703514738353515
2021-03-02,10.713273615852621,11.31215595866393,10.623566252083503,11.033770442765116
2021-03-04,11.053508562309693,12.063168932329479,10.813565808980533,11.648688474854167
2021-03-06,11.658768471830586,11.892259090043114,10.36165616664102,10.55289573771052
2021-03-08,10.567872099042761,11.282980644217853,10.374879430744262,10.941783544105638
2021-03-10,10.97980551357237,11.375705939871002,10.526231330417922,10.88460020447579
2021-03-12,10.89969373018851,11.564160853069337,10.604435199628133,10.885960289179875
2021-03-14,10.878345733041735,11.741406604290402,10.561156477653308,11.485792060602934
2021-03-16,11.493317339381468,12.028578263658385,11.23744615163238,11.557875710852835
2021-03-18,11.546359325081228,12.33707414335195,11.3192201439056,11.955247665609614
2021-03-20,11.970243533454916,12.425902943863289,11.635817689797676,12.193255816388266
2021-03-22,11.633641914555884,11.978589517730564,11.27353664559376,11.558646127910386
2021-03-24,11.577984910785322,12.037866934786413,11.34631934051915,11.691493561787937
2021-03-26,11.746392950714208,12.38855319184258,11.621684550130757,11.994868126414206
2021-03-28,12.013522911510147,12.523909900336868,11.769665723660252,12.147948469971313
2021-03-30,12.162510996073243,12.62091718114621,11.819278530319705,12.23285710681579
2021-04-01,12.257811696492793,12.81235946957168,11.852952292393763,12.357255737793329
2021-04-03,12.356615010392211,13.473524954053428,12.006448090218688,13.08048279442767
2021-04-05,13.539731782181777,14.044143076242364,12.95402788950922,13.4782758225475
2021-04-07,12.875602146475362,13.368701357072577,12.201047570143938,13.018416220798898
2021-04-09,13.039460113722198,13.611162660335443,12.564837253683441,12.773767829197045
2021-04-11,13.420988640755931,13.80261789692109,13.022015414530221,13.305961879299508
2021-04-13,13.332378445550358,13.54179909494654,12.108224220474812,12.54949156314261
2021-04-15,12.550857276932451,13.602562680603908,12.40498061750437,13.317066836381365
2021-04-17,13.318423830670936,15.076247228458175,13.09739268538173,14.434303030870232
2021-04-19,14.410777575156757,14.802169393330217,13.484748825059148,14.058678981634202
2021-04-21,14.061674178506886,14.464140986619354,13.55031273175018,13.843622283649331
2021-04-23,13.844069217272265,14.4160273164079,12.941190467711575,13.763555462022268
2021-04-25,13.780244498863963,14.470581424591908,13.556690635074862,14.033282609868406
2021-04-27,14.066093335936394,14.746935055694818,13.80337175029685,14.109464306938477
2021-04-29,14.113828016647034,14.682935466857385,13.82843108221367,14.186610606121516
2021-05-01,14.202119134114549,14.705132819307984,13.999085231862088,14.39318709636946
2021-05-03,14.388434052945165,14.52417495364494,13.002292375249109,13.25382541272666
2021-05-05,14.154189634507253,15.249155550880744,13.960372162540976,14.651788806883575
2021-05-07,14.76599359959025,15.472300295346628,14.333129613005099,14.463459394652414
2021-05-09,13.765162683178175,14.7365074566923,13.00600972859419,13.4001137423183
2021-05-11,13.432799707223497,16.514944139377338,13.392788052713989,15.57628585242693
2021-05-13,15.658519626558427,16.360632617395087,15.251167558080752,15.974977271170843
2021-05-15,15.981974472935578,16.425181699452292,14.856083913623586,15.309406153772336
2021-05-17,16.234021238920405,17.56632152930842,15.983155721755999,17.22652657009118
2021-05-19,16.502422620837564,16.842283226028975,13.27837493424754,14.88603277802133
2021-05-21,14.90978680174318,15.351035398893135,13.691246016123456,14.011598345230034
2021-05-23,13.821118378636857,14.14831885963713,12.095830848445855,13.179355363547252
2021-05-25,13.232273744317025,14.400490838652313,12.746651209361568,14.0358267212051
2021-05-27,14.017939419477003,14.41309122357043,13.33080780631803,13.681451447752341
2021-05-29,13.689364987738164,13.977708665236966,13.103127554920698,13.61123550618524
2021-05-31,13.618569642820363,13.985326246944771,13.293347763561883,13.627806377073314
2021-06-02,13.702837207245588,14.232880596771638,13.477739501853621,13.93822533547007
2021-06-04,13.888855616911645,14.315954084078847,13.369251209505837,13.829484098128509
2021-06-06,13.827907098557027,15.315022038325774,13.648357074153028,14.686540223304037
2021-06-08,14.050860054093137,15.338628467211082,13.567072587348058,14.457445841780512
2021-06-10,13.770093082109605,14.074562062256362,12.770526823987929,12.928249722134415
2021-06-12,12.924151281424418,13.430163727551886,12.538354627187084,13.038580230648893
2021-06-14,13.047615959295417,13.419569256265179,12.660512774965907,13.056825250129025
2021-06-16,13.05540814233991,13.566001656442042,12.837260902058913,13.292674805605376
2021-06-18,13.291033225697705,13.474169241389275,12.914734562812708,13.173331741742157
2021-06-20,13.155032569415054,13.430779336604928,12.280444004402034,12.425551370875592
2021-06-22,12.360241944171008,12.749579827953406,11.528741145659563,12.361540717427259
2021-06-24,12.384149456998337,12.728220244723234,12.014452849000353,12.283613999586589
2021-06-26,12.26490075469652,12.528049053507399,11.894941385562822,12.156018845826342
2021-06-28,12.169144483150616,13.026052147059763,12.000322486912271,12.687125884358425
2021-06-30,12.70960668214561,13.015513179453869,12.310826367997102,12.7388036847391
2021-07-02,12.737796281455754,12.964002843543229,12.455021664209934,12.767992626652044
2021-07-04,12.766311019572168,13.0755093486106,12.553861710805755,12.885608859702009
2021-07-06,12.891444151325896,13.34828747571479,12.754095429796333,13.142791582752222
2021-07-08,13.00148461129155,13.273664345685802,12.534493731524227,12.828220667231239
2021-07-10,12.812994973066132,12.973069810430054,12.55761126952701,12.779731242528868
2021-07-12,12.777526494913452,12.942613271770146,12.473881297140203,12.576501580126326
2021-07-14,12.565050899274311,12.7322107838465,12.241167509862041,12.322670867983302
2021-07-16,12.298875644356837,12.548464488478917,11.84849301382119,11.990490400011785
2021-07-18,11.960928384426749,12.174469982482638,11.52654799654225,11.67307178455856
2021-07-20,11.657674059762863,11.951528206557581,11.337727776324472,11.68485643744946
2021-07-22,11.706700086013358,12.234338420803889,11.59154421660109,12.003549184754702
2021-07-24,12.006637750925139,12.503760622228244,11.824252143142333,12.09869919421904
2021-07-26,12.001357369557606,12.434644449329042,11.474728385068843,11.765601533364704
2021-07-28,11.75075534706657,12.002160934673613,11.486057057400552,11.800905236413694
2021-07-30,11.804200822863917,12.83061179007588,11.587607996155961,12.097410939204266
2021-08-01,12.088437897835519,12.418585403872056,11.826770462172394,12.256065946335983
2021-08-03,12.258070512045045,12.554466844914339,12.084020551480796,12.30066571620613
2021-08-05,12.287639021451938,12.6985107080991,12.145077771285836,12.340267067413974
2021-08-07,12.357078705723612,12.628300183599073,11.645443364558561,11.799546261934115
2021-08-09,11.753452270473254,12.339266825315622,11.589018401471728,12.165383879875966
2021-08-11,12.150709503110086,13.10627496632798,12.008452898705121,12.767451971145446
2021-08-13,12.796758430046173,13.054972367591999,12.523641825700313,12.752578156842736
2021-08-15,12.798063081732849,13.755959005776965,12.62786814736101,13.350818468859298
2021-08-17,13.344287290659155,13.894898368007697,12.905979395594033,13.424832962298048
2021-08-19,13.4273942838967,13.87900852505516,13.19182512107982,13.502246724942596
2021-08-21,13.51759953035364,14.031550906802659,13.244515718079947,13.60180092637671
2021-08-23,13.626951580427034,14.135587121579293,13.252901243821007,13.530319570890233
2021-08-25,13.535362137929658,13.929797859609952,13.120827265347485,13.255537098487727
2021-08-27,13.25431995905348,13.658563101679896,12.62736721625442,12.913904751789836
2021-08-29,13.583788238830452,14.004635648443124,12.598803320246057,12.872792832706182
2021-08-31,13.5095839147878,13.87206592009193,12.504687504286874,12.840975128320354
2021-09-02,13.621692804129587,13.848412904284052,12.492842370645137,12.598046173307775
2021-09-04,12.595457448971855,13.439058209667726,12.543008454154942,13.096053780754222
2021-09-06,13.073477722770596,14.218979421594499,12.661710880363236,13.377314599168075
2021-09-08,13.47908493616151,14.166623876801307,12.364152821043678,12.924448907033717
2021-09-10,14.258907688844571,14.905557159754343,13.789085214317238,14.40426640953494
2021-09-12,14.446300363343841,15.127669075332783,14.133305802814622,14.573364116817212
2021-09-14,14.57904226557512,14.98842701598972,13.017345536142466,13.299061430747683
2021-09-16,14.651284574554953,15.15010882884501,12.871003126454797,13.04115480297936
2021-09-18,14.439361612761129,14.664981349097742,14.141467070242058,14.39666272374667
2021-09-20,14.39637356964486,14.47939122280681,13.491174512516817,13.769804902356835
2021-09-22,13.773840651522928,14.8606966418483,13.63187455428796,14.493660187827107
2021-09-24,14.556329138603497,14.83957402245211,13.9803424112413,14.23427228510967
2021-09-26,14.247820338592772,14.640971383669946,13.807132356710916,14.218167951561455
2021-09-28,14.23851691688709,14.577616907821763,13.948801879370201,14.142989311931203
2021-09-30,14.692944783077,15.245904767283344,14.121032614426616,14.121032614426616
2021-10-02,12.40625925825461,13.208095765676811,12.40625925825461,12.947828988582225
2021-10-04,12.926457672516717,14.882811921787486,12.57357165012802,14.318661932816507
2021-10-06,13.707897830807953,15.4047589458777,12.653452458016462,15.003796729147576
2021-10-08,13.455317557450888,13.940952421454336,13.138573050169494,13.459878698649286
2021-10-10,14.988706801511395,15.206874060559741,12.657509335376204,12.867740479140894
2021-10-12,14.349144342363443,14.683532073073849,13.762617622852327,14.247668948734562
2021-10-14,14.284294848363274,14.714749819057825,13.660773374802185,13.857223742938924
2021-10-16,13.99332995282335,14.429276518173277,13.884942365402834,14.001793907141053
2021-10-18,14.008645167988956,14.16269388205118,13.555296602225987,13.75228308937512
2021-10-20,13.72737991551405,14.259903087132198,13.540701013217848,14.11897933100928
2021-10-22,14.118325238347143,14.76160851393262,14.062697530068839,14.525833613657102
2021-10-24,14.539868694416608,15.041573407632141,14.320173244886478,14.83973093177572
2021-10-26,14.832571894986026,16.130583772395703,14.687423778982833,15.353035537316135
2021-10-28,15.333477276454765,15.695719582343557,15.17293187435606,15.345175241864936
2021-10-30,15.33998583947237,16.13229827662106,15.084633236825779,15.598203601205544
2021-11-01,15.615229597311034,16.048633448934474,15.399148447645317,15.64350457334055
2021-11-03,15.803218559200078,16.403959553250186,15.106885964922744,15.849195130919497
2021-11-05,15.818478936193564,16.59428955471533,15.439072996671891,15.991681587026662
2021-11-07,15.984498864331718,16.423354684058573,15.207434784419519,15.618164798344797
2021-11-09,15.663343107302428,16.36754135097567,15.009825032275343,15.657939080734746
2021-11-11,15.642932077774132,16.19927502056875,15.432081015584506,15.741278468234126
2021-11-13,15.760389587146525,16.195313984102444,15.479931673751569,15.769736743594937
2021-11-15,15.768525958809148,16.13643209004256,15.173047072630824,15.679385132984255
2021-11-17,15.687264989534203,16.494578083774744,15.271431099021743,15.740685326859536
2021-11-19,15.769970904525454,16.63426292986168,15.583215518561728,16.210799443536544
2021-11-21,16.20825995474776,16.835568365518803,15.945440128961872,16.54713302480256
2021-11-23,16.62322972320931,17.05128903484565,15.988350459962893,16.46023785904411
2021-11-25,16.505321736116304,17.23094910601398,15.993211718727576,16.520421205337456
2021-11-27,16.52195873702473,17.099407014549147,16.080651144273727,16.47852917199756
2021-11-29,16.471475646140497,17.128378609311127,16.16140760259455,16.66020178427036
2021-12-01,16.66351167397647,17.1588745691442,16.17934594756282,16.435723521822922
2021-12-03,16.476283774789103,17.35992867019428,14.955086733067313,16.492655109451697
2021-12-05,16.223264701737687,16.60066873912552,15.260697883887046,15.954759406662685
2021-12-07,15.968526110003047,16.683194943112447,15.672481544006093,16.277446432812805
2021-12-09,16.360828005588033,16.615802269960973,15.676357729961277,15.847388653240571
2021-12-11,15.842072411945008,16.188364675447172,15.634723990193516,15.921449156892486
2021-12-13,15.966915523364179,16.157810825391657,15.339525985627525,15.695759349229336
2021-12-15,15.870486343224286,16.411413400943818,15.585534215878944,15.923851229554774
2021-12-17,15.924572063941444,16.470199188211105,15.788549117861288,16.25986726470653
2021-12-19,16.26883789578504,16.483846715335577,15.633139620579003,15.741435065399974
2021-12-21,15.742322396329234,16.654668317569442,15.546777413327263,16.358375390652732
2021-12-23,16.39419512177499,17.564724967116277,16.269505243246034,17.041293133710887
2021-12-25,17.06045169399403,17.852226857115237,16.924961935874975,17.62277319708603
2021-12-27,17.64228247216007,18.255291349727308,16.92054916080638,17.376527664336102
2021-12-29,17.351884489970047,17.70489627369014,16.902154658418386,17.18311557262362
2021-12-31,17.14562790572813,17.528484883904603,17.12717192214708,17.37106700137123
2022-01-01,17.448987188102453,17.90446500184141,17.34096010718251,17.682600189107493
2022-01-03,17.690129433871412,18.250471874515394,17.522235607722628,17.945760316548785
2022-01-05,17.85282960490085,18.337932692085808,17.41498031553426,18.15342876606964
2022-01-07,18.136810776412172,18.35381061892972,17.459068866565524,17.552797488707302
2022-01-09,17.573097688191144,18.02758458671099,17.38020342007287,17.561766572246455
2022-01-11,17.615011634158307,18.279443959738376,17.47759537668069,18.02028054768921
2022-01-13,19.203819325724258,19.54407163882349,18.808442778969155,19.08427420071753
2022-01-15,19.32507822078365,19.469786541778124,19.15190656961854,19.312276057416618
2022-01-17,19.369269420362414,19.520013974096155,18.631690444272618,18.799593205724065
2022-01-19,18.922210651556696,19.021983205127274,18.44157697047734,18.480555671625172
2022-01-21,18.563855709193145,18.70827362217144,16.946995566253488,17.70668780883856
2022-01-23,17.649373031480657,18.361254004791945,17.285264082233752,17.450928142297393
2022-01-25,16.392644475787954,16.938506252956152,16.15946952385112,16.424534070863356
2022-01-27,16.474485201624226,16.6762902997861,16.148450585080006,16.405176827286365
2022-01-29,16.468302880678074,16.887472480609343,16.39418416098708,16.536025711666042
2022-01-31,16.558768115699507,16.96197983440023,16.4387098857929,16.799302303920584
2022-02-02,16.597203991750966,16.82854436760084,16.31758666489844,16.59066819685451
2022-02-04,16.587611619341057,16.895711515505788,16.203237960152972,16.605482899943066
2022-02-06,16.486119056275207,17.18566250494803,16.405396186894848,16.96999759404022
2022-02-08,16.99138164157961,17.475640800863022,16.508035911162157,17.039980987193694
2022-02-10,16.925204784381783,16.925204784381783,16.322407720591016,16.471088066900453
2022-02-12,16.463338813987054,16.581330320124156,16.178425992694788,16.28711966017772
2022-02-14,16.349901507577723,16.4965360696415,16.121448273953362,16.41993194814678
2022-02-16,16.53077410464434,16.726793854952867,16.38493708335857,16.55487614874662
2022-02-18,16.52679558029153,16.740131210113542,16.37104638120014,16.506091730424846
2022-02-20,16.45889699655872,16.552858764570097,16.034271764217795,16.056227603372182
2022-02-22,16.062192760627934,16.326319232208675,15.961061856011222,16.106966915241504
2022-02-24,15.923754190538956,15.923754190538956,15.404064641075182,15.76659855877654
2022-02-26,15.787760800761122,15.986516556203162,15.77083689001755,15.862588944480125
2022-02-28,15.860773702638955,15.860773702638955,15.503038035082653,15.565289630694712
2022-03-02,15.559916636897805,15.891018092317116,15.427895178680306,15.803563452069422
2022-03-04,15.799488013057852,16.069107446491998,15.701846452809336,15.981618710870634
2022-03-06,15.972807189012011,16.042983532932233,15.692354924358224,15.788829617512743
2022-03-08,15.787650650152479,15.84203294082302,15.547481273370053,15.547481273370053
2022-03-10,15.523212394591527,15.724557274239636,15.523212394591527,15.678426742233354
2022-03-12,15.661026606682075,15.877221885571439,15.6029621280913,15.641778274063995
2022-03-14,15.730626172444193,15.730626172444193,15.573185984253493,15.674546482813387
2022-03-16,15.666777408999364,15.878525932320557,15.62306639303331,15.673181052307822
2022-03-18,15.681508248467683,16.06395545050832,15.60487117670041,15.837040192875392
2022-03-20,15.844961594097654,16.027131302358395,15.72813053776683,15.93897295607185
2022-03-22,15.950646546514118,16.30329589561869,15.899494906309075,16.169843390583008
2022-03-24,16.18257709877973,16.435305010005788,16.05497605559202,16.180945320707117
2022-03-26,16.204378249528258,16.492531947640725,16.12086439447169,16.410365277042747
2022-03-28,16.410563483193418,16.648507251153088,16.11113004667393,16.380524995727725
2022-03-30,16.389996482635734,16.89754510606075,16.221104525307194,16.492043188609358
2022-04-01,16.48816908969918,16.872501884491175,16.30610324074025,16.593919429934434
2022-04-03,16.55881612203278,16.834918699713302,16.26276436307996,16.43110580470318
2022-04-05,16.650492505469895,16.952488897195174,16.1370501343314,16.268924262777325
2022-04-07,16.231397380242267,16.61391918788371,16.12203714640393,16.315298983787997
2022-04-09,16.326804117150935,16.48548985622782,16.214499728830294,16.297191729260213
2022-04-11,16.268034309580933,16.583970062812707,16.060738349132997,16.354284353109204
2022-04-13,16.364609738683416,16.536917260086632,16.232838159762334,16.384372977703432
2022-04-15,16.38829541958297,16.491033761843823,16.289001088952823,16.381637751721595
2022-04-17,16.362331077685532,16.51237101291936,16.106563764958818,16.186665444156205
2022-04-19,16.187589033099236,16.47094121642519,16.139926859166877,16.276329850431956
2022-04-21,16.242228568380636,16.376635871221414,16.14969581804078,16.305097963458746
2022-04-23,16.303109305138808,16.451282851433703,16.15405281259482,16.19063196652048
2022-04-25,16.160125560763923,16.281877720553766,15.83270943745605,15.90121449489636
2022-04-27,15.908516232524258,16.011191896654804,15.678188413945287,15.678188413945287
2022-04-29,15.64359470944873,15.742441844864011,14.568955856093705,14.852420822709512
2022-05-01,14.858181741156171,15.123982257339819,14.580967244080142,14.711848564756252
2022-05-03,14.733506468557422,15.122602897191669,14.716960966701679,15.09152772746843
2022-05-05,15.096975964878997,15.259145290028176,14.85027622071031,14.99212422977223
2022-05-07,15.000216787277735,15.128999135516926,14.851706040334998,15.128999135516926
2022-05-09,15.113376427489905,15.347119248778549,14.626547164777195,14.863660843233193
2022-05-11,14.261794582699677,14.447978281499632,11.805395622318567,12.339582460018539
2022-05-13,11.82424896402133,12.78963970242282,11.31886857366396,12.217147656844096
2022-05-15,12.219299335557912,12.435384494149213,11.973253331939498,12.062298530983503
2022-05-17,12.121692907285784,12.436127046978848,11.860927672776803,11.950576513861913
2022-05-19,12.015938572927833,12.090497372076983,11.731072259512368,11.953901983956637
2022-05-21,11.919548296285127,12.16705088511106,11.830291404915751,12.106826175414099
2022-05-23,12.09912543773163,12.481427323617432,11.950673250018484,12.149625810972779
2022-05-25,12.165028294663777,12.249569870175964,11.738688188313027,11.739171222413592
2022-05-27,11.695362992373887,11.850316010969088,11.530994442825525,11.70587257224385
2022-05-29,11.724972936626346,11.922002085567195,11.604177214767777,11.8940494201036
2022-05-31,11.948106562502266,12.058578285782314,11.743858017439916,11.761789444017746
2022-06-02,11.732389991269939,11.839966324052073,11.606771645401752,11.735844690323646
2022-06-04,11.693288194076858,11.863506840300834,11.547062652087686,11.7520804765874
2022-06-06,11.78442977925329,11.890673845131401,11.658086171801918,11.658086171801918
2022-06-08,11.62891986278972,11.890075993592754,11.600607335261753,11.801219273482316
2022-06-10,11.775994542012523,11.844407472842716,11.195738032789565,11.24056075362704
2022-06-12,11.228712791953157,11.506311427710077,10.957723421912464,11.506311427710077
2022-06-14,11.579621538846787,12.103371977563611,11.358044667836742,11.952458280521215
2022-06-16,11.972103045344467,12.026831412116747,11.822422135393948,12.026831412116747
2022-06-18,11.992632340497476,12.050308686126678,11.88848970020552,12.018385567403175
2022-06-20,12.024884604002823,12.934334278316243,12.024884604002823,12.700047893376102
2022-06-22,12.772573390115038,13.162253846664315,12.667849744362888,12.990440577845034
2022-06-24,13.017879773991167,13.572801565529952,13.003992885387476,13.345736760319522
2022-06-26,13.318577923309673,13.528255457187116,13.05553174218295,13.205690427841803
2022-06-28,13.155948695342968,13.348292586744803,12.808144288479234,13.040952024051638
2022-06-30,12.944771821884132,13.18538325622998,12.831207162812644,13.007010114043291
2022-07-02,13.00920272127881,13.184353639834862,12.863964637425674,12.948112478474535
2022-07-04,12.951352516479112,13.084020893693236,12.849545443713373,12.916948709545299
2022-07-06,12.908292520166356,13.03540972288239,12.869712896861119,12.95967125212783
2022-07-08,12.906636075129418,13.154592287768427,12.760581233773891,13.09762691154163
2022-07-10,13.085678622363034,13.206981295026942,12.833902329757763,12.94836411981678
2022-07-12,12.887605377537007,13.151359683727526,12.80996127111495,13.030838524888683
2022-07-14,13.03346415681278,13.258300442756871,12.95992720738863,13.120487577911291
2022-07-16,13.086879153245398,13.167797393270032,12.895752634999191,13.017162797407941
2022-07-18,13.026158026222703,13.322819595106097,12.984742462916158,13.245354264634415
2022-07-20,13.28759150776699,13.28759150776699,12.807470341568628,13.057121468737865
2022-07-22,13.088144076601942,13.257557719514562,12.986450390099998,13.077595469504951
2022-07-24,13.19778027970297,13.232138174326924,12.924077197373949,13.032663159414227
2022-07-26,12.986678473717278,13.176387221359223,12.887985635714285,13.176387221359223
2022-07-28,13.071903463076923,13.534742795495497,13.071903463076923,13.337761481203703
2022-07-30,13.372394743148147,13.857864719999998,13.306869640566038,13.528952648018869
2022-08-01,13.506238733207548,13.738806979444446,13.235544336568628,13.420604155769231
2022-08-03,13.450923328942308,13.755342061603773,13.406055353333333,13.590052962692308
2022-08-05,13.910895931057693,14.238809422568806,13.674077090576922,13.988570598679246
2022-08-07,13.983212495140188,14.221402328073395,13.846596252857143,13.901657195272726
2022-08-09,14.086020956363637,14.298674148198199,13.742487610660378,13.906130122946427
2022-08-11,13.73780276169643,13.802568387327586,13.568792643,13.652351592894737
2022-08-13,13.653072764912281,13.968351134491524,13.4830358375,13.767535651666668
2022-08-15,13.689372137982456,13.832864857350428,13.464632549009009,13.54783314955357
2022-08-17,13.528159019196428,13.644420523826087,13.065739376635513,13.119047202592593
2022-08-19,13.10950716037037,13.361102534081631,13.080326271413723,13.200210287589012
2022-08-21,13.222788783214648,13.420031756831682,13.160607053353973,13.3216564337
2022-08-23,13.3021846924,13.540469888932039,13.240979095092026,13.427432643960396
2022-08-25,13.520655578514852,13.730577882815535,13.311845560828026,13.516066181932773
2022-08-27,13.42491148044164,13.692787020732986,13.373235629706201,13.461607196963124
2022-08-29,13.455162117136659,13.725741728379774,13.281732982660852,13.550427213319239
2022-08-31,13.614141822386483,13.748177305567012,13.42779975476956,13.595159118899272
2022-09-02,13.520703825051974,13.6255833317678,13.386049627041357,13.520156026852598
2022-09-04,13.534725314078377,13.79580039848475,13.36520259513959,13.68912223534414
2022-09-06,13.152241384734328,13.207680739476938,12.832711944454262,12.962297100331579
2022-09-08,13.02404805818954,13.286471364823793,12.898315771278279,12.91449733476179
2022-09-10,12.927400965028344,13.088766882235436,12.677753889920284,12.842143566115718
2022-09-12,12.80632795322215,13.070207980565716,12.662158629030381,12.864180395805036
2022-09-14,12.83201935205843,12.95852963353947,12.708494089621055,12.89091419276018
2022-09-16,12.903931012161845,13.090056446136366,12.855749979613368,13.0086071508315
2022-09-18,12.984102452895879,13.076898471299096,12.532219089761648,12.589154708043893
2022-09-20,12.56498951889352,12.66956385732094,12.47021253514744,12.624625546493515
2022-09-22,12.579985135387794,12.820821858800233,12.470836979118399,12.667423407027629
2022-09-24,12.664624370552549,12.868180112528835,12.554572733482082,12.603828686097627
2022-09-26,12.845527437210718,12.964930294030156,12.650915171114347,12.882515990365057
2022-09-28,12.80751572654682,12.80751572654682,12.712566325494382,12.726985485588566
2022-09-30,12.745637188476932,12.880817260793211,12.70253547710908,12.746820971903425
2022-10-02,12.744969360865566,12.841445359804704,12.489465992366123,12.61553919884329
2022-10-04,12.659798659609011,12.659798659609011,12.453449773701646,12.542773338041643
2022-10-06,12.593237230233944,12.651039162333591,12.472143039582967,12.642371561764639
2022-10-08,12.671908601134804,12.766072621558669,12.532557192260702,12.675066006061853
2022-10-10,12.790733312249458,12.857107867067738,12.395397201253596,12.506996268961254
2022-10-12,12.559437425490511,12.636481731003482,12.193784790293789,12.432451641537643
2022-10-14,12.444350810659223,12.607048688235146,12.302621605256203,12.452424464173886
2022-10-16,12.442735039823756,12.735975225375007,12.312063647847156,12.521692490889327
2022-10-18,12.534016931063363,12.71178141607827,12.124822219800002,12.300015590855105
2022-10-20,12.350153762041707,12.437035910182574,12.149296125219895,12.316624316906788
2022-10-22,12.33811535706774,12.50270308041819,12.221023974861154,12.315245003785618
2022-10-24,12.325914973669931,12.54140748900988,12.21088738873915,12.354323443851808
2022-10-26,12.169560440517543,12.267064237524526,12.022028231538629,12.070603549113686
2022-10-28,12.101945501993393,12.314599298988515,12.083158593640327,12.195313328760578
2022-10-30,12.176467437401751,12.415987683052599,12.073520255567466,12.305694017723127
2022-11-01,12.308185340505801,12.381237489269667,12.071055555519933,12.242889858509688
2022-11-03,12.23033162426949,12.555098626384709,12.17129253119689,12.406105800728403
2022-11-05,12.39118050268113,12.615887864326378,12.048540766801718,12.143588001923959
2022-11-07,12.112080421643796,12.338652652170873,11.587176426204447,11.796284571869466
2022-11-09,11.693003836408671,11.98290491641167,11.315706641804436,11.880395180089472
2022-11-11,11.685737739291396,11.81868132241921,11.22911375717715,11.344088398987637
2022-11-13,11.222727137069247,11.672059484585462,10.771521134459443,11.01984977937994
2022-11-15,11.103587478008468,11.434512055835722,10.97762722315841,11.14786536887937
2022-11-17,11.213744318777486,11.329729568026178,10.957729342397133,11.1205912768709
2022-11-19,11.203672202820723,11.316961431245373,10.83133458433458,10.947964150116754
2022-11-21,11.02555165187379,11.143209020193385,10.688878593004018,10.874707147355787
2022-11-23,11.06515203489298,11.289589849182539,10.856818502437646,11.034265351185999
2022-11-25,11.166146393392344,11.251519476167383,10.826299510021634,10.954536433801803
2022-11-27,11.085141751850196,11.254881867848237,10.776051871986358,10.943104480056103
2022-11-29,11.074311316176486,11.17245583732706,10.89265934727392,10.920452559273851
2022-12-01,10.930642078013232,11.187155980629592,10.799894864606486,11.02913958075943
2022-12-03,10.924644497089004,11.019100306873389,10.764090962979617,10.898078986826093
2022-12-05,10.927792354555969,11.100342695751108,10.773452048752235,10.832347819323976
2022-12-07,10.870315676684973,10.926519662048142,10.672554729079339,10.729891291346402
2022-12-09,10.840532861097048,11.25529697841212,10.786085386499549,10.928344164161448
2022-12-11,10.896598328159758,10.925967126344187,10.559377836938012,10.649519794179632
2022-12-13,10.532457544243986,10.554572555475984,10.373776525467491,10.490565613849503
2022-12-15,10.42358297387248,10.508310650950753,9.86568613046002,9.96932699248328
2022-12-17,9.996240049264994,10.095596304896556,9.765722516533124,9.911661302085752
2022-12-19,9.922706468517879,10.031012969715693,9.624000052001245,9.73949651388371
2022-12-21,9.735704428449415,9.798525377284202,9.59536496027877,9.694015247503875
2022-12-23,9.73867132083881,9.77989140378774,9.602640979954877,9.67076427610625
2022-12-25,9.665243146426157,10.0454501751278,9.519647328316388,9.580115397553133
2022-12-27,9.63042655826907,9.749768382840927,9.271576376577206,9.349124792329478
2022-12-29,9.97299498093848,10.15641983893144,9.649324273731654,9.905546652013575
2022-12-31,9.94611537466327,10.086229254554098,9.875674502194313,9.98248682782754
2023-01-01,9.989179145980245,10.385404504333055,9.902256185386545,10.234473258908189
2023-01-03,10.213930921393766,10.570283347285175,10.101950101002334,10.471079083084597
2023-01-05,10.45610037494818,10.60606560905932,10.230968941011662,10.56726136747212
2023-01-07,10.553168347740074,10.919699031257561,10.434082309761473,10.726606792612435
2023-01-09,10.794487767272827,11.239744467657204,10.691861282007851,10.93711694708595
2023-01-11,10.963240420796163,11.02366740249208,10.71458099758398,10.910476354214818
2023-01-13,10.954039712379316,11.070994136682032,10.135317692891377,10.25593246313079
2023-01-15,10.337037630689931,10.600101178123834,10.210455437819597,10.317927653536495
2023-01-17,10.321460141129297,10.54651536882857,10.10563828431298,10.215476869837993
2023-01-19,10.233259430297812,10.507684368135754,10.085008364659533,10.425035489325287
2023-01-21,10.3828953284516,10.719906379897406,10.23578015980839,10.466922245207574
2023-01-23,10.5077769886045,10.832058630430973,10.229887865772,10.424988451600637
2023-01-25,10.449911730907036,10.970806404815182,10.38305458809,10.811625441146095
2023-01-27,10.715114802781121,11.16584703253196,10.655250400750214,10.877912131677151
2023-01-29,10.952439595795282,11.077589277350484,10.676515376630018,10.787831393649375
2023-01-31,10.786794507027425,11.135256105471104,10.66379510482401,11.020956858236817
2023-02-02,11.079862309981834,11.519844653549171,10.983066813895224,11.400198408237886
2023-02-04,11.40089585584092,11.842423865871044,11.282753322843776,11.489158665964947
2023-02-06,11.341480575849069,11.915147260134882,11.161273858713127,11.791221858340162
2023-02-08,11.812786639310493,12.037565723243334,11.172563880565535,11.35820845996733
2023-02-10,11.350747698125046,11.611774018940954,11.290247790499157,11.533198637458364
2023-02-12,11.548221225608593,11.691380738850116,11.169458331963016,11.36510333284764
2023-02-14,11.39447866301866,11.674863875894767,11.284463654254214,11.587568454015917
2023-02-16,11.558028682215664,11.643740895583258,11.282306601227512,11.589253332170172
2023-02-18,11.640083130150485,12.26104125735783,11.51574463146038,11.9931502640094
2023-02-20,11.850611595247024,12.082943278405605,11.725850012817693,11.858580300533795
2023-02-22,11.82618343263542,12.017678616352127,11.603245516759769,11.88402333130432
2023-02-24,11.891052220184104,11.993480137310767,11.416426666473942,11.56044942177626
2023-02-26,11.577327568983407,11.71480557903432,11.504053625499257,11.600377343643146
2023-02-28,11.526169544821144,11.583182038056739,11.303056783103466,11.530243281045662
2023-03-02,11.432484818369677,11.432484818369677,10.997693636588076,11.181854176814559
2023-03-04,11.216320788486028,11.24244135323827,10.855269107547478,11.041217196834927
2023-03-06,10.987252706227975,11.181382293631712,10.89368468407256,11.025238032483445
2023-03-08,11.030431673059034,11.081083486531348,10.653330011342728,10.851424062710407
2023-03-10,10.816774732239882,11.075639044246534,10.348242929591887,10.66805746623166
2023-03-12,10.809148150800016,10.959619364021965,10.681144641125572,10.69075662433019
2023-03-14,10.780031402697912,11.015983932664957,10.430353408693904,10.49104311830775
2023-03-16,10.510969982993768,10.569845730515985,10.372785278514034,10.475317872376623
2023-03-18,10.440472152881226,10.63763259505877,10.311703084235239,10.311703084235239
2023-03-20,10.304774817881489,10.35074182825619,9.995845764202176,10.09942096983273
2023-03-22,10.0564668462487,10.0564668462487,9.954595459618886,10.008820541784672
2023-03-24,9.99292066827505,10.000496102530343,9.644997358954136,9.660805932563926
2023-03-26,9.667463535122984,9.712589152198372,9.617246753085844,9.652046672257095
2023-03-28,9.578466280265985,9.69595768887032,9.550631504750928,9.680522375545152
2023-03-30,9.740887733516626,9.790365683599823,9.615002446458094,9.76532519575373
2023-04-01,9.78114192208222,9.900672908192197,9.674796619698842,9.72786254895738
2023-04-03,9.695339565346133,9.800986991503702,9.664163031424991,9.762080709427444
2023-04-05,9.80146479957024,9.868008520339306,9.762807418655127,9.826970220929926
2023-04-07,9.803701093028627,9.904886694867418,9.606617752132578,9.70348763129824
2023-04-09,9.727389256615474,9.730966584507748,9.586207098060036,9.586207098060036
2023-04-11,9.574865050007093,9.602517945613403,9.389050500044933,9.544936731891191
2023-04-13,9.57575881773796,9.736251270603095,9.493463572954216,9.686848791620804
2023-04-15,9.692176726837982,9.904118481320854,9.607943154525708,9.84064702211764
2023-04-17,9.81958083891249,10.080544954667424,9.808243933579721,9.976204643424557
2023-04-19,10.00473590938781,10.100988101089186,9.649155391616942,9.713873120071955
2023-04-21,9.733821401501261,9.828043147104216,9.568692514997961,9.635521881723243
2023-04-23,9.672248512318303,9.702644541220556,9.45771079185646,9.536419486817886
2023-04-25,9.485341401785718,9.542966813044835,9.316787395726713,9.368011516188183
2023-04-27,9.374909129470012,9.388262121256863,9.282913779395436,9.34229475537037
2023-04-29,9.355436394345805,9.462275831203387,9.301875386287989,9.319245944585608
2023-05-01,9.336466737692907,9.384667941897558,9.248633624209319,9.248633624209319
2023-05-03,9.280931695749262,9.31174431564124,9.18757263413153,9.222865006551432
2023-05-05,9.255766745468962,9.255766745468962,9.028118121906,9.028118121906
2023-05-07,9.022314363511578,9.098953838899012,8.699631317350091,8.831743507676522
2023-05-09,8.923783014875331,9.003272313602235,8.817766771242464,8.972518407954249
2023-05-11,9.000939640304365,9.07070587400289,8.855017011645495,9.037772506787945
2023-05-13,9.079126743304775,9.232836479480744,8.841274160558546,8.95083978541406
2023-05-15,8.969736577585378,9.740387811730084,8.928891624364372,9.672957701771196
2023-05-17,9.623743262129107,9.748733278899357,9.505305035912233,9.646562167831526
2023-05-19,9.64977737638075,9.744764258108223,9.590912931553683,9.680249999210176
2023-05-21,9.64928384176005,9.709714160878217,9.34879448787018,9.424621705979977
2023-05-23,9.45606464266836,9.478871453891657,9.246455051089491,9.322028925246112
2023-05-25,9.366964474736013,9.428304112128268,9.12966024670316,9.277768612343474
2023-05-27,9.25441751891394,9.346916035894802,9.13457346310313,9.13457346310313
2023-05-29,9.192121905195073,9.313644566247524,9.053888642060837,9.19151354875607
2023-05-31,9.156393080803294,9.250508335068425,9.09355189764264,9.22731747553508
2023-06-02,9.197843416712535,9.368791273605463,9.197843416712535,9.320716485569672
2023-06-04,9.379157347532537,9.424256916905458,9.030051034783977,9.199990149616735
2023-06-06,9.227086224466822,9.227086224466822,8.919751056159999,8.966181710250568
2023-06-08,9.02238776795493,9.081633825955155,8.813429547211065,8.878226830275535
2023-06-10,8.848881919427495,8.917053014324004,7.798420663163117,8.22071537171292
2023-06-12,8.293800737893516,8.442024962206247,8.10343065861428,8.312502375829785
2023-06-14,8.408656987639699,8.562706197609678,8.364539683672636,8.408581990374081
2023-06-16,8.388355449092147,8.520822332551932,8.388355449092147,8.520822332551932
2023-06-18,8.523018599359292,8.523018599359292,8.376038220706786,8.421648859129565
2023-06-20,8.420751295040983,8.854961995969346,8.35408840065909,8.854961995969346
2023-06-22,8.89975277954353,9.057688156570686,8.820924698022765,8.956010560219639
2023-06-24,8.97878815279796,9.22707190472178,8.817253895329731,9.05893446440147
2023-06-26,9.041008390752307,9.17598864896323,8.909264475608396,8.967740793218127
2023-06-28,8.950314044383259,9.017633697345977,8.67336429277428,8.76202069287303
2023-06-30,8.815885906065843,9.243251033538535,8.745750172479818,9.116309408542417
2023-07-02,9.146037209798557,9.290911123082935,8.98185472020601,9.145243151708634
2023-07-04,9.152048720009835,9.306339769217603,8.942729256339433,9.039968053681447
2023-07-06,8.953298359091312,9.031389214686863,8.859296676750366,8.96105070879231
2023-07-08,8.89909050603122,9.05322460286076,8.828438203927831,8.986829149706493
2023-07-10,8.987568132079083,9.01736357130065,8.830158541807243,8.94098665264579
2023-07-12,8.940072992269013,9.177941677707338,8.940072992269013,9.177941677707338
2023-07-14,9.184139033312128,9.756882040005012,9.184139033312128,9.753555291617166
2023-07-16,9.741939857162699,9.741939857162699,9.638485294319247,9.724031120922648
2023-07-18,9.72607331276125,9.72607331276125,9.611861725544903,9.698549209329366
2023-07-20,9.675185626298887,10.058405169507058,9.65770337718544,9.908745085309372
2023-07-22,9.892347797878184,10.03020563698944,9.754260824619184,9.867927800609934
2023-07-24,9.83163667276159,9.941675950619738,9.645290235766709,9.755124940676627
2023-07-26,9.723744378873743,9.907938804617904,9.583489044065322,9.860076205375393
2023-07-28,9.83552525240751,9.992471900578208,9.727822065775191,9.955627456622796
2023-07-30,9.924876402061091,10.01255305143152,9.704448054264267,9.851161596844033
2023-08-01,9.855731423625706,9.922124447588477,9.651581075427025,9.757639148526117
2023-08-03,9.662482920840187,9.746803611359601,9.544614234676722,9.633684382493577
2023-08-05,9.604613434553832,9.806689827712772,9.541208262631544,9.685420890621407
2023-08-07,9.687882300382512,9.692584253827842,9.57290377761776,9.622613799511107
2023-08-09,9.623177912940713,9.682903556633077,9.607050510098594,9.66156817312488
2023-08-11,9.665145249285494,9.696387272737919,9.64951784026355,9.677499458495687
2023-08-13,9.637399581965278,10.106320223805309,9.637399581965278,10.092799600045094
2023-08-15,10.090896468409557,10.337914510050451,9.758424192397062,10.035948609108965
2023-08-17,10.266990927667571,10.73298329950129,10.20119923277716,10.73298329950129
2023-08-19,10.730675252886403,10.864732804220605,10.706619763178878,10.797425504687913
2023-08-21,10.988109018699078,11.051351216959727,10.812508549824361,10.861575534917508
2023-08-23,10.860415845485466,10.95112642841949,10.823356694607128,10.845871774313997
2023-08-25,11.378644802069774,11.454140642480521,11.295463520705349,11.381087341700326
2023-08-27,11.383174030919204,11.476466537405226,11.299130487726018,11.404804707825129
2023-08-29,11.40580276437833,11.40580276437833,11.231544571404601,11.261328967071327
2023-08-31,11.258297784167999,11.535277819977967,11.258297784167999,11.428447362256092
2023-09-02,11.429289174340912,11.46731435233131,11.282522628680434,11.349633353266746
2023-09-04,11.34762299509273,11.484816906459802,11.325106224864845,11.397845032617656
2023-09-06,11.376776681041354,11.436667845098507,11.348138933177411,11.37455331263159
2023-09-08,11.369882285395414,11.427983351169397,11.30659931181761,11.341014380039937
2023-09-10,11.33827389743437,11.345766750388727,11.094552910440441,11.14937368767215
2023-09-12,11.149284028619293,11.165982586333751,11.020513774727629,11.089086247019667
2023-09-14,11.084383701220322,11.31671480981352,11.03162811886947,11.269363677556868
2023-09-16,11.27498836510264,11.507723564973347,11.156038388043262,11.221199643638922
2023-09-18,11.216364530153541,11.372593361876818,11.1798259800588,11.366705669674916
2023-09-20,11.410340837817591,11.492333186538383,11.318706375785439,11.38189519336211
2023-09-22,11.423720972661982,11.529109269085854,11.335271968218812,11.440167839423175
2023-09-24,11.43063436267168,11.499196506735208,11.36985991307504,11.440120031416377
2023-09-26,11.435287939782823,11.496499051719072,11.320658804407643,11.398817946300689
2023-09-28,11.397979121895006,11.42402098953167,11.339877630128385,11.391165924503408
2023-09-30,11.398792647385497,11.479440795505766,11.330448457883612,11.366173133123125
2023-10-02,11.365160671799806,11.388615752471384,11.209596122806513,11.212236052497708
2023-10-04,11.220771265278858,11.287859238521296,11.083217498143142,11.224029006209438
2023-10-06,11.224893992370797,11.329006378607147,11.14655903871576,11.193784557289273
2023-10-08,11.193975044112891,11.247931139007939,10.970494912977287,11.012282390845115
2023-10-10,11.013402782110154,11.09435173955737,10.977731557218535,11.089738167766821
2023-10-12,11.087570086988238,11.15949435907495,11.004277717766481,11.11984304578007
2023-10-14,11.12083961231984,11.217433534142668,11.096503348934585,11.115921695923374
2023-10-16,11.120583051901015,11.120583051901015,10.794592501999988,10.87271642019873
2023-10-18,10.870362273006073,10.883226531297902,10.693697027992394,10.710109095466
2023-10-20,10.709973797703727,10.915078268596108,10.698080440455723,10.902755203344151
2023-10-22,10.902778160063017,11.07158261252955,10.598160487122446,10.77332597239333
2023-10-24,10.801703718658501,10.801703718658501,10.542474690257727,10.66380605748584
2023-10-26,10.670592183755998,10.805306049501384,10.54227631976615,10.633957920530491
2023-10-28,10.630155645003402,10.87184060881082,10.595257640044121,10.812027479591958
2023-10-30,10.840379728928593,11.06547058707156,10.701902906166497,10.837700048658792
2023-11-01,10.83055876192964,11.001233108044955,10.695626764615309,10.905454355225114
2023-11-03,10.917369261484838,11.106017195947091,10.824940220666747,11.052050752270953
2023-11-05,11.051678232812758,11.592244555269858,11.051678232812758,11.507661766988635
2023-11-07,11.513111815636252,11.642508078780057,11.249910352499997,11.63920735757495
2023-11-09,11.635907936797562,11.700430339645479,11.005409406774005,11.622741803399952
2023-11-11,11.623523095429018,12.162186057451677,11.435020096966566,11.991723169890317
2023-11-13,12.068335190585211,12.263861411696798,11.67467691830372,11.93360383362233
2023-11-15,11.959385421160663,12.398581136403463,11.905109795832205,12.126441443692064
2023-11-17,12.11782558617399,12.410520253069826,11.669715972263656,12.031253462108891
2023-11-19,12.0303526341506,12.183706934816138,11.844904560631184,11.878186155266558
2023-11-21,11.873880628973854,12.022260727425515,11.560999934803668,11.857032882183184
2023-11-23,11.845015433035314,12.024048164089312,11.771522555237242,11.928473823839498
2023-11-25,11.942111656075731,12.20929561214227,11.855044162592183,12.052732631141607
2023-11-27,12.054101480185977,12.205203954275612,11.77484075810749,11.945464759998352
2023-11-29,11.547357715426248,11.667075276719823,11.415535324638554,11.586300650601562
2023-12-01,11.589653082479586,11.730512221639115,11.52242734632992,11.66638160642494
2023-12-03,11.657904226925877,11.766896727926405,11.299169734442573,11.468027087991272
2023-12-05,11.490064370716912,11.641477954756402,11.083886872206358,11.275328587436958
2023-12-07,11.265987467022978,11.686752334197148,11.183694849297728,11.645226584121454
2023-12-09,11.644644499010983,12.189709739123632,11.558946073997202,12.043933428861301
2023-12-11,12.010558465717912,12.55387473114094,11.566839154983688,12.254252881196749
2023-12-13,12.29397651141996,12.529295673632221,11.948324273219688,12.353635885554645
2023-12-15,12.369856846012475,12.933766092686225,12.165666702837079,12.583881843380398
2023-12-17,12.569917473004526,12.735645866392137,12.003682562354655,12.362514813481257
2023-12-19,12.364236521130344,12.584747483636502,12.196251428830717,12.444385997638276
2023-12-21,12.489241322918632,13.108548998565942,12.376118630693558,12.805584264117394
2023-12-23,12.798126142398845,13.401147976495933,12.567666589721282,13.125540556569351
2023-12-25,13.12194609185737,13.741230367436652,12.927569537215955,13.428453829116844
2023-12-27,13.431716071158434,13.618328123717685,13.059928410069825,13.254138514125389
2023-12-29,13.24252200189192,13.61834697988816,13.097576492265672,13.37535432275827
2023-12-31,13.366653444181031,13.698347103300987,13.084934869483916,13.297000787311072
2024-01-01,13.293051573916975,13.537904320546188,13.064094193705634,13.13232714187474
2024-01-03,13.128721163773632,13.399334422013808,12.056456800330578,12.92086972391254
2024-01-05,12.923420759846127,13.080770510220544,12.059644259284994,12.297285514133234
2024-01-07,12.294167963859186,12.532215631149107,11.552713759657387,12.079404013458815
2024-01-09,12.08769247389878,12.40743774094307,11.777360836509676,12.390315211656972
2024-01-11,12.36891164101008,12.752837002021572,12.257444273783364,12.687014262466686
2024-01-13,12.698616485371335,13.015203373819956,12.466375254231938,12.758400912621672
2024-01-15,12.770259749932276,12.941815562260524,12.714528999632838,12.778476934528468
2024-01-17,12.784875200474316,12.954897469896098,12.466450490237529,12.523526084049715
2024-01-19,12.545860067617646,12.60517199480963,12.200512470777275,12.489001596319783
2024-01-21,12.514549497711494,12.664697472203965,12.286775617961442,12.366289193429502
2024-01-23,12.372161661908896,12.559848372037989,11.973087734394774,12.506957552242618
2024-01-25,12.503702561436485,12.583813898013085,12.269742655957144,12.484312442078066
2024-01-27,12.44471287639634,12.654792083092817,12.387619157478138,12.466806080020323
2024-01-29,12.498855010614546,12.626197520237097,12.341175574380514,12.391036107365167
2024-01-31,12.385249582492202,12.42119033495783,12.121692610611175,12.278747948320234
2024-02-02,12.275291996605583,12.596557817947417,12.267373835432709,12.40502723938511
2024-02-04,12.411071745902289,12.53956956876497,12.263246312472589,12.417676071965742
2024-02-06,12.393598132020815,12.41435026752278,12.12242718037826,12.250365876850324
2024-02-08,12.269892834871925,12.314172255859939,12.114427449201186,12.179467196670263
2024-02-10,12.180931748811663,12.346292249480198,12.042505823238011,12.132156600547304
2024-02-12,12.138932152676423,12.282125994455818,12.039108335227748,12.087097930697299
2024-02-14,12.088317192633783,12.264783425694157,11.93940859285936,12.102714120948322
2024-02-16,12.135997549604781,12.31455147924602,11.90159724472931,12.180420805778532
2024-02-18,12.17372148313864,12.65107131623902,12.108613783693995,12.498179382531712
2024-02-20,12.513525534139871,12.513525534139871,11.853372026647754,12.047395386255284
2024-02-22,12.076902097852875,12.563180645254118,11.9548925280885,12.30563889129342
2024-02-24,12.309309522976193,12.61351509155968,12.117160973281043,12.398544879984494
2024-02-26,12.547504212935337,12.58525787880136,12.199094151073389,12.199094151073389
2024-02-28,12.197550152536472,12.239758491028581,11.620854466208284,11.9086466398583
2024-03-01,11.930669905366727,13.188529869901593,11.891281901217166,13.033496794304098
2024-03-03,13.053964683230648,13.337278049470852,12.289045118067717,12.56714075090489
2024-03-05,12.561977112486089,13.255895805838616,11.889465341843,12.966741403029806
2024-03-07,12.965374829803844,13.237466728847705,12.619118695319562,13.032852809782112
2024-03-09,13.028284019124058,13.537575747260702,12.763175518135075,13.049504007985227
2024-03-11,13.057291723656835,13.462141401342073,12.74282711554726,13.26602579353885
2024-03-13,13.272227040241965,13.491486163126403,12.961789903182257,13.243468039486139
2024-03-15,13.251488441594006,13.335499357591113,12.4465952076145,12.651723551495115
2024-03-17,12.652400725439069,13.230664486140753,12.365518864125912,12.673218118326915
2024-03-19,12.738338300237922,13.06386465649457,12.500942501339715,12.95741059723026
2024-03-21,12.943766260271634,13.287119856935806,12.87673278672875,13.199692174107943
2024-03-23,13.200853246811416,13.446825904325419,13.134558785729809,13.327104653943984
2024-03-25,13.322959146776906,13.660931607529015,13.161015168495682,13.391475115931462
2024-03-27,13.385722916134126,13.63611836898541,13.153401062028127,13.327348491023
2024-03-29,13.315951779050451,13.57927727018335,13.148026718562072,13.315670237048478
2024-03-31,13.317393981220798,13.605486965827115,13.033638331509254,13.226676657615993
2024-04-02,13.226610189378862,13.308546663511953,12.812657253993187,12.908424049459105
2024-04-04,12.906112193946434,13.079635680305238,12.67800421979875,12.7934643516103
2024-04-06,12.802634251688117,13.062338887729075,12.750677520994044,12.971232532599036
2024-04-08,12.977932250651216,13.244776821254584,12.843550572899131,12.917325688458234
2024-04-10,12.916808089065412,12.975474957644975,12.53143071472446,12.716405511155646
2024-04-12,12.715631941316003,12.77885371865346,10.51695714931691,11.255891255486336
2024-04-14,11.25423040505492,12.116213803980042,11.105794872268012,11.70790063739939
2024-04-16,11.707331102329968,11.85394815238677,11.348589720354838,11.646329123185899
2024-04-18,11.643136984128335,11.828749877569804,11.41894336031267,11.593786072806894
2024-04-20,11.591051041939796,12.296608534573434,11.551279465449959,12.040203029837508
2024-04-22,12.048641737857047,12.340845953987834,11.812505700164714,12.017485232987033
2024-04-24,12.042234303699587,12.341062352607423,11.69464983508921,11.856609433128613
2024-04-26,11.859364087251352,11.981380631832957,11.504090351908218,11.727661872253453
2024-04-28,11.728548783142307,11.899894130862632,11.516668469023058,11.600152405374885
2024-04-30,11.595326758867582,11.834825310131047,11.361585911628568,11.834825310131047
2024-05-02,11.909938302280592,12.131437583583274,11.787542307353545,12.000234854335169
2024-05-04,11.995384402758422,12.145019368455877,11.840570122360896,12.061810102527348
2024-05-06,12.065196508536639,12.259567431443521,11.879687742135635,11.924132146760332
2024-05-08,11.92739322265781,12.08481991392115,11.805540334461092,12.025513875019454
2024-05-10,12.025255186152215,12.29482089992486,11.999364343580794,12.075217299301228
2024-05-12,12.077250069395776,12.126848747278041,11.686294658617163,11.791722610622648
2024-05-14,11.794726425525635,11.952063441859302,11.628607739197589,11.761310458495327
2024-05-16,11.769871443930114,11.966010705936494,11.604579915077673,11.787386517565695
2024-05-18,11.790632646258208,11.935668011681878,11.523473839257582,11.556480054384721
2024-05-20,11.604827968747601,11.74919183753759,11.50064570839857,11.648785436488366
2024-05-22,11.664079460810457,11.836884105391613,11.39899416178431,11.575597414000681
2024-05-24,11.574922986591812,11.799439099125731,11.485714167304758,11.680317885681077
2024-05-26,11.681397552559694,11.821614079686801,11.546627048594594,11.780187202618489
2024-05-28,11.789331226730653,12.008424820645287,11.648668795084621,11.75709974522763
2024-05-30,11.508404916340885,11.587828582821853,11.253091842243148,11.379432334751097
2024-06-01,11.38304419865868,11.557826136640639,11.183464641925186,11.334442871994153
2024-06-03,11.33516488588963,11.42857573018615,11.159319364847804,11.36504736495124
2024-06-05,11.36407176605364,11.559046897509875,11.260515947342787,11.338464288506684
2024-06-07,11.349447849511982,11.510520983914674,10.43416634515605,10.72902252712906
2024-06-09,10.73010325274951,10.911038434730777,10.609405702877979,10.718969765108406
2024-06-11,10.711175402538412,11.000733231752514,10.491482192797976,10.921700286553728
2024-06-13,10.922883668246195,10.9872096716829,10.39828154186646,10.552618400507047
2024-06-15,10.55512754162397,10.715742687786047,10.433477933141106,10.606202568802301
2024-06-17,10.606584116206136,10.60681679802288,9.362053523221332,9.710527650361762
2024-06-19,9.722305255742672,10.136182135987374,9.643373549912168,9.946251710944495
2024-06-21,9.960179252279936,10.118122462983129,9.790570800973846,9.927917754964511
2024-06-23,9.928605674313387,10.304799201806587,9.808120460226338,10.304799201806587
2024-06-25,10.333801310772186,10.51722380556726,10.26421037711452,10.390274233936763
2024-06-27,10.396288276573092,10.55812631121319,10.260403864477563,10.368981314047621
2024-06-29,10.371192081979899,10.493141626427029,10.166095314137879,10.333026954062886
2024-07-01,10.337724996973831,10.51476346039728,10.192835556821722,10.459712202341013
2024-07-03,10.458260862155768,10.5037582775552,9.924292901041067,9.965389927328976
2024-07-05,9.969645650317041,10.377135232028774,9.457011776343066,10.309854971430061
2024-07-07,10.309915395971823,10.341116189346675,9.915351306757925,10.134324424628957
2024-07-09,10.132711902989694,10.278679204339792,10.075946565161388,10.23191895495069
2024-07-11,10.2297552909891,10.283455103805501,10.084571467698336,10.261565808897192
2024-07-13,10.244344540354717,10.297931515755888,10.16080840414744,10.276631903258414
2024-07-15,10.282243115001247,10.478823718492954,10.194974043297684,10.295732857528476
2024-07-17,10.293273327573644,10.451689473689347,10.09092517576861,10.212553002139355
2024-07-19,10.216352383341446,10.284612428142301,10.092202937533289,10.182255254371025
2024-07-21,10.18184495739932,10.29431282920059,9.976520486188674,9.976520486188674
2024-07-23,9.98950874639659,10.113633636465599,9.794924398339083,9.828589448081416
2024-07-25,9.823992352666309,9.879085701987771,9.649272031257421,9.808685968289772
2024-07-27,9.808190514005204,9.886641192913034,9.630111637441704,9.630111637441704
2024-07-29,9.631393368329185,9.84595850631,9.631393368329185,9.647897409168252
2024-07-31,9.662761035128279,9.759822347129415,9.451925769642813,9.574115846141714
2024-08-02,9.577125609738566,9.626300864450748,9.146590919879092,9.250924122263573
2024-08-04,9.25062248997296,9.340962729829728,8.89891313740334,9.171110934581197
2024-08-06,9.155076309903475,9.44409136600847,9.13123049073404,9.219682129341072
2024-08-08,9.216349337080064,9.43250411560537,9.156405143750844,9.347467192700568
2024-08-10,9.346786871996706,9.464673380381587,9.170686713631381,9.182444281673988
2024-08-12,9.191727626716178,9.414033283257966,9.191727626716178,9.378358662488765
2024-08-14,9.36472194878836,9.47354534760073,9.331662537560351,9.36959042829063
2024-08-16,9.373086601118422,9.373086601118422,9.14169444379776,9.222980908067555
2024-08-18,9.22411931053187,9.368768133050999,9.209145388927901,9.320310801734525
2024-08-20,9.340747182251432,9.579064197652231,9.334076214580156,9.529947810028826
2024-08-22,9.535710569782154,9.875080008213109,9.535710569782154,9.864760779563976
2024-08-24,9.873867362164743,10.129771466690391,9.5158586545726,9.72380473357228
2024-08-26,9.727939166663782,9.802283194201145,9.46737095748101,9.610760640015965
2024-08-28,9.608179648251953,9.753268305874172,9.383981836191422,9.439615476819382
2024-08-30,9.431382690838237,9.521130975949127,9.320856938320413,9.382974159593077
2024-09-01,9.389010366755157,9.431745924095521,9.224904508365585,9.332212927545152
2024-09-03,9.3286288557761,9.389088457502966,9.103212485709662,9.254302999488328
2024-09-05,9.161866610374444,9.397475352191883,9.133238204558964,9.397475352191883
2024-09-07,9.397448622781178,9.627848043821244,9.359157858337511,9.587088345279792
2024-09-09,9.586649604686691,9.825446880237111,9.560102902436517,9.76989279623229
2024-09-11,9.752795052920597,9.80918619410862,9.646487548305647,9.774016491518047
2024-09-13,9.774881037683498,9.787389966505017,9.636729101075481,9.676419571975034
2024-09-15,9.678069587119275,9.768630503386786,9.527290242377317,9.542106952019633
2024-09-17,9.545807883252234,9.598240794900695,9.375078402796728,9.575720686536012
2024-09-19,9.574516375010223,9.848006582927454,9.551032426241916,9.725820583682717
2024-09-21,9.73319754802469,9.912904868374763,9.617394301768902,9.725593047291365
2024-09-23,9.72616850738425,10.095666308127798,9.664332459286493,10.034879272321664
2024-09-25,10.039720256135542,10.418691829332706,10.030977177430861,10.289865647099115
2024-09-27,10.290965855234585,10.583089869149994,10.185752439249727,10.317761058989257
2024-09-29,10.316902856534146,10.495952031978408,10.140140796566618,10.246897782175418
2024-10-01,10.271478105222547,10.538172447090103,9.912311981562183,10.014536318577623
2024-10-03,10.023205142179933,10.192974237396061,9.761595067969616,10.14071323527148
2024-10-05,10.143430598042002,10.26333536831077,9.935545391337937,10.191304576821747
2024-10-07,10.197069902379406,10.345345710827857,10.007088019590258,10.090380436984805
2024-10-09,10.099520616559783,10.375061206431582,9.96252607344681,10.125643662787374
2024-10-11,10.125646143753677,10.43026363261841,10.073168500415257,10.291193101587346
2024-10-13,10.296374105841513,10.412705784232692,10.11947558320382,10.263290957459054
2024-10-15,10.281890824823185,10.281890824823185,9.803292899919468,9.880349006795043
2024-10-17,9.880984116801258,9.961176738513014,9.65398637955481,9.851360131574536
2024-10-19,9.851531297340081,9.99015146177297,9.72508103023673,9.969136677418271
2024-10-21,9.976411932390917,10.056079111811469,9.771957149479963,9.863650303862403
2024-10-23,9.864244276287122,9.917593820542045,9.699087122873618,9.75927749921033
2024-10-25,9.75820622911702,9.790997277428115,9.143936151987475,9.384572516795972
2024-10-27,9.385459273945857,9.471674971664973,9.143266623268364,9.262423692156489
2024-10-29,9.259780312561862,9.35218106794281,9.157442640150071,9.206503679040559
2024-10-31,9.236894743345005,9.292035233170148,9.049078577224261,9.112348765242123
2024-11-02,9.114539668444694,9.177736565474836,8.694104385827698,8.844898486905128
2024-11-04,8.842977141396245,8.93584931639072,8.682143698190293,8.909490705473953
2024-11-06,8.914603723381395,9.224688506643613,8.908653731661213,9.088109981378228
2024-11-08,9.086265112007407,9.498177403129159,8.869819382386462,9.405070310492158
2024-11-10,9.407124026947056,9.806502464392363,9.23664174641777,9.502692097771602
2024-11-12,9.501951721971373,9.729392048312906,8.720667950017857,9.041535595530432
2024-11-14,9.037858932966932,9.318525297870645,8.7577545732994,9.189565891115736
2024-11-16,9.19406181908683,9.900200308093627,9.073354100683693,9.454326345387738
2024-11-18,9.47425072177542,9.945104458813903,9.335787547044006,9.521330539670336
2024-11-20,9.51404970169014,9.61289029932822,8.946428751310075,9.190538381567768
2024-11-22,9.189487898987998,10.452915292534826,9.018297973731386,10.101340003731538
2024-11-24,10.100380623955019,10.734383443231307,9.713774908992786,10.314182342047344
2024-11-26,10.313516648685567,10.521683605858907,9.961129506622438,10.445714932553727
2024-11-28,10.446840214680222,10.690597590509597,10.217130222705304,10.645976337812844
2024-11-30,10.64616680146429,11.226027730288154,10.526994439371489,10.988637789841468
2024-12-02,10.996461530347416,12.151636926155788,10.659551355849416,11.756752462826487
2024-12-04,11.87779869741866,12.326689176884566,11.716633422476159,11.946478537735967
2024-12-06,11.948220925125643,12.419772511215738,11.75439807243808,12.054792736855171
2024-12-08,12.057108851050586,12.25515295584275,10.303383223456846,11.07209037913074
2024-12-10,11.06785414518218,11.40242266400823,10.505546746639556,11.30989095518472
2024-12-12,11.304586657699067,11.798953744431406,11.222927588510192,11.510898008845441
2024-12-14,11.521099723144806,11.620040597705854,10.974957322239272,11.241653342085774
2024-12-16,11.24561979545701,11.247486423414635,10.57713295527294,10.649044026903463
2024-12-18,10.653822089148136,10.81479330875775,9.917451250149703,10.065316143347157
2024-12-20,10.066967914481054,10.693580829991015,9.472911780686093,10.028625980310627
2024-12-22,10.029331919334556,10.706069230758137,9.983843773965333,10.688361153398072
2024-12-24,10.887052741075838,11.034803461683534,10.655258252069434,10.708035406716238
2024-12-26,10.75531646499755,10.917808738330297,10.454427854040127,10.724886268849183
2024-12-28,10.728222937199803,10.949085673819315,10.512798080635916,10.570067500489476
2024-12-30,10.570300967076431,10.804108585674308,10.41629441533145,10.529702539671156
2025-01-01,10.539962394505174,10.951276596102906,10.406667398512534,10.751434250187128
2025-01-03,10.74985524646977,11.27951207346399,10.647626416420769,11.097556773121383
2025-01-05,11.097740976712165,11.205550758776186,10.88204008653512,10.88204008653512
2025-01-07,10.886090165956352,10.983660472228255,10.237100644053555,10.472901518747902
2025-01-09,10.51376621468552,10.615639732467574,10.30186709098805,10.487586285166666
2025-01-11,10.498100243174346,10.6434584146428,10.288529670700797,10.332428399562819
2025-01-13,10.297678941770979,10.41217791404864,9.978466835998049,10.20796391524504
2025-01-15,10.208025627752463,10.568391239351904,10.025057434228755,10.361521681386886
2025-01-17,10.400518275399964,10.594440307893338,10.016364306244324,10.094604212598341
2025-01-19,10.15267809628511,10.308003413950889,9.62320214879129,9.801203032755351
2025-01-21,9.976981598121407,10.178934017268725,9.78270385665344,9.912736226286631
2025-01-23,9.90854672995193,9.913640895143768,9.608917487524913,9.660775631214733
2025-01-25,9.659643989824515,9.966391246163209,9.527225520794305,9.661556023174443
2025-01-27,9.661070041285214,9.731698388993864,9.18197370097748,9.218967684320763
2025-01-29,9.228148148748385,9.685178085579468,9.130209173764877,9.563843690119544
2025-01-31,9.561548627071923,9.833423518876781,9.228731876774065,9.263128671025331
2025-02-02,9.296526462041042,9.419714993585233,7.753803142217215,8.911134267766025
2025-02-04,8.904396232946434,8.995123480037659,8.579026009819536,8.636240091997461
2025-02-06,8.636024418850221,8.709954398328271,8.262740399574563,8.397191789278617
2025-02-08,8.397393960756155,8.632397516781866,8.286141138691551,8.433098137633374
2025-02-10,8.434421635699147,8.822791610264465,8.331429833367512,8.579476639186156
2025-02-12,8.58450785786981,8.791639007286047,8.413186206423045,8.626261643623303
2025-02-14,8.62859640910154,8.919333268594881,8.575972876794646,8.63857888480643
2025-02-16,8.639483737760948,8.787645124090048,8.521481056128112,8.629531815843576
2025-02-18,8.64329797876208,8.686374606423376,8.32931372543734,8.459348576916135
2025-02-20,8.462982866919477,8.785410158786537,8.38995637890187,8.523562316999255
2025-02-22,8.518911380308568,8.749114638581823,8.467673809097276,8.580778216928525
2025-02-24,8.579959055419067,8.65875861857273,8.159697767303062,8.484348733950457
2025-02-26,8.481891917579944,8.902562243694847,8.481891917579944,8.802478126422034
2025-02-28,8.801248250350591,8.915368179092654,8.660349723580719,8.77094158556582
2025-03-02,8.771126185638112,8.771126185638112,8.361898639196458,8.361898639196458
2025-03-04,8.326441727468223,8.8214957131401,8.326441727468223,8.687418041828678
2025-03-06,8.688842981497194,8.80319156671427,8.617227814933702,8.688529684737793
2025-03-08,8.690388975964103,8.785801157914891,8.372067532227115,8.430246848049293
2025-03-10,8.43185250697089,8.57136250401997,8.162150779693226,8.277341303065553
2025-03-12,8.276701314068353,8.527935759679691,8.239764607809915,8.435528834768023
2025-03-14,8.433355515643617,8.617394302029469,8.357980302776959,8.532151999210061
2025-03-16,8.531178016829113,8.636571658895546,8.386558102037755,8.539264966809547
2025-03-18,8.537194374082443,8.651824541182073,8.412900471036416,8.488247888620522
2025-03-20,8.49508670298788,8.63030114232493,8.339996397614446,8.435492384490374
2025-03-22,8.46193471248332,8.62363508190321,8.430040369455115,8.459523647064216
2025-03-24,8.457704543634007,8.733963156417198,8.401450564160458,8.676950356819937
2025-03-26,8.6745715037625,8.857790296793937,8.576548459192395,8.706803091091778
2025-03-28,8.710886241980141,8.756294839196945,8.345679742986324,8.377774259545992
2025-03-30,8.378348043028723,8.496273049512967,8.199203927219255,8.311726021347168
2025-04-01,8.319420402490703,8.446327461667428,8.043951962527943,8.13407960380719
2025-04-03,8.127431304751982,8.245252121761354,7.952800487320255,7.9947811978340635
2025-04-05,7.998347599786444,8.10545774700061,7.742672933875945,7.775413192980444
2025-04-07,7.7691929521823715,8.005067652296685,7.617664557109194,7.882990389942083
2025-04-09,7.894398114398328,8.151015220609557,7.8546499492529955,8.135503077225872
2025-04-11,8.129638156725246,8.282590373735538,8.03701431976469,8.196977939288198
2025-04-13,8.200465117223436,8.268851126819678,7.773562421263937,7.833301024027615
2025-04-15,7.833361160189655,7.852573954548503,7.598949169125284,7.673428054535764
2025-04-17,7.6702221160536395,7.8567780451092775,7.607868681940669,7.791466386310077
2025-04-19,7.798043911427602,8.02903565979606,7.764097663654122,7.913182114692839
2025-04-21,7.9208689116562425,7.968298317043276,7.728172004750389,7.854288879542288
2025-04-23,7.857435118998297,8.194163091094497,7.83796146485477,8.103382818875069
2025-04-25,8.102121433557041,8.39434923822279,8.035218479330378,8.226307280048422
2025-04-27,8.227018927664579,8.366457683870317,7.997292140168502,8.15677526458232
2025-04-29,8.155161423836043,8.258820120795066,7.903748300366285,8.081945163818185
2025-05-01,8.093002029715212,8.165136386317752,7.907230255623452,8.024149395813271
2025-05-03,8.024714047655209,8.066019129239848,7.744551369209519,7.828109730994706
2025-05-05,7.828159060891658,7.943986531760386,7.618486144048549,7.683252335603235
2025-05-07,7.6836273213298085,8.058121611502255,7.582911613280509,8.029419080366166
2025-05-09,8.022140769046256,8.573818305745347,7.956982572068773,8.526999880184796
2025-05-11,8.527294501280402,8.80238546885163,8.230132644193453,8.49932198245487
2025-05-13,8.509078871915275,8.671731531037018,8.246007775575494,8.327490587611651
2025-05-15,8.325359977183055,8.396789549074214,7.959014256125184,8.023489186199276
2025-05-17,8.025327509340313,8.103421505685162,7.82961891774584,7.988685063510944
2025-05-19,7.982634549325024,7.991236449795844,7.7960270627044945,7.8867283468491935
2025-05-21,7.883271988821372,8.195092864509764,7.831327226361105,8.091789032772066
2025-05-23,8.095607704618576,8.306286620018067,7.880950733599665,7.94471377022359
2025-05-25,7.944963202642448,8.061157671325791,7.767785607528353,7.8747447998250735
2025-05-27,7.881106587764123,8.072955368143543,7.800360720327119,7.963571918382339
2025-05-29,7.963307411992078,8.074152563399313,7.4463260227075985,7.513798593167554
2025-05-31,7.510066239829589,7.638512338222295,7.333915939547553,7.580061152941424
2025-06-02,7.598778266586575,7.777427638174032,7.508751194827889,7.662611431423779
2025-06-04,7.663092875854207,7.745263907942464,7.385412824602128,7.433721081998813
2025-06-06,7.4331960843784,7.6009280421857035,7.405927854035399,7.544176104862142
2025-06-08,7.544341437301194,7.593125898774463,7.451902909294869,7.566021976510546
2025-06-10,7.561687800432821,7.866649358035516,7.559248181793398,7.675587455496979
2025-06-12,7.677326342764548,7.731813190265378,7.254251916729637,7.453160998083513
2025-06-14,7.453761301601269,7.5042742115116745,7.295991860474402,7.395068479610312
2025-06-16,7.403802791756429,7.497821985982127,7.213813166392012,7.260455793927821
2025-06-18,7.254297059704223,7.355559198073686,7.1044398370395525,7.223569521920004
2025-06-20,7.23896989183493,7.275812938226729,6.937297009842642,7.036657762043872
2025-06-22,7.03587281283059,7.1987672975576125,6.824634338209969,7.185794253368149
2025-06-24,7.1863160301003965,7.331172681410603,7.036244349519142,7.059292753028701
2025-06-26,7.054824311805698,7.144196549578878,6.909744957166299,7.029300076103766
2025-06-28,7.029617134835939,7.27721486595151,6.9655141482654575,7.217959094612018
2025-06-30,7.216049953052899,7.248085577664508,6.957475846991043,6.977175713405252
2025-07-02,6.9745642495005225,7.216492225993394,6.95577451092314,7.105907252380847
2025-07-04,7.107554878707184,7.15413301296982,6.915958206737321,6.9943838347370875
2025-07-06,6.995326466139404,7.1066866815628575,6.944459843409621,7.010637113451794
2025-07-08,7.014985154663374,7.202296073294215,6.95783336782053,7.171710908673748
2025-07-10,7.1715187403996685,7.507476522126163,7.133562935440309,7.311550833869725
2025-07-12,7.310890272885427,7.5768760309156855,7.1316247858147745,7.461310362435507
2025-07-14,7.463676305986625,7.6821317362904065,7.33000472515037,7.6821317362904065
2025-07-16,7.679715609090013,7.771982660334091,7.5087883576509045,7.691219352639527
2025-07-18,7.6924064160240935,7.970283745043151,7.539030172936867,7.768951745170311
2025-07-20,7.773420541206301,8.099289057139089,7.773420541206301,7.965759774624123
2025-07-22,7.970595471455516,8.019563196822059,7.494086028420928,7.596553737923384
2025-07-24,7.596924978830802,7.746373150053174,7.365508841278314,7.725098066605751
2025-07-26,7.725270342784532,7.948982952994839,7.682272408560219,7.861374478969295
2025-07-28,7.862139260279401,7.984434577052128,7.476852716822981,7.5608399542769575
2025-07-30,7.573761389395458,7.678029082530941,7.34771075124952,7.402340562481584
2025-08-01,7.408836700279889,7.470041561521717,7.201143905819942,7.284754971500691
2025-08-03,7.299473107011354,7.579111181294065,7.263855779164412,7.521232782229507
2025-08-05,7.522965654041561,7.5695163948404005,7.291554041391043,7.420201230536192
2025-08-07,7.424255155828906,7.732503689347675,7.379132386918085,7.695750889284772
2025-08-09,7.702197376086811,7.895936927177536,7.670466574780511,7.72812371933787
2025-08-11,7.733223259020723,7.777048392635293,7.4596140242454885,7.681231373304989
2025-08-13,7.687908986618963,7.9271261284819925,7.528569482270149,7.608950985625011
2025-08-15,7.525227371171993,7.69982258249718,7.438134879084592,7.656936475984573
2025-08-17,7.662110654923968,7.84622380369431,7.587642230487113,7.626892319906715
2025-08-19,7.631000527880376,7.750908674454919,7.525049935368318,7.711649575550272
2025-08-21,7.715700855461054,7.898690850743863,7.566336753037296,7.825455497015608
2025-08-23,7.831425989065066,7.931700201006975,7.761511487843623,7.821985550394984
2025-08-25,7.826439018104122,7.893736899351389,7.577183865258329,7.733949864477892
2025-08-27,7.734582904208471,7.953544847928313,7.684482907236499,7.866875378361707
2025-08-29,7.86392490351075,7.976684882730008,7.736250432150886,7.877092554562967
2025-08-31,7.878913544516489,7.953430748685553,7.659956106396923,7.688721464108679
2025-09-02,7.823412381824851,7.99865550317018,7.799397810421753,7.950300769607919
2025-09-04,7.924623621011989,7.96257090537942,7.7695600526333495,7.90908343685864
2025-09-06,7.910775222118489,8.010659533363015,7.833728476554835,7.957131920540579
2025-09-08,7.961960841050189,8.354185587376957,7.902571883012641,8.18369153563849
2025-09-10,8.187472014845042,8.327124519860638,8.106299341710374,8.210103505319875
2025-09-12,8.204536622859273,8.40636793745782,8.096463848974462,8.2756434377159
2025-09-14,8.278294808648717,8.334187033975304,7.946844402529191,8.044422174159333
2025-09-16,8.044469381418212,8.266058916725186,7.970190275765578,8.231389408471157
2025-09-18,8.236321032940939,8.3977249367649,8.1028268859414,8.142845841103153
2025-09-20,8.144955834736072,8.235105793227065,7.978643088088518,8.03414243890383
2025-09-22,8.039063735623621,8.135030206531574,7.659067074801042,7.951697002148647
2025-09-24,7.959696615909162,8.078341851912302,7.750267833434851,7.856417482036973
2025-09-26,7.867152515111715,8.112239116850468,7.788038471805531,7.99967547258923
2025-09-28,7.999597226384564,8.048783238055886,7.816402185971732,7.8251914679793755
2025-09-30,7.834586336921191,7.929994392277171,7.660651723020877,7.861131996004947
2025-10-02,7.869510880822234,7.973326774060058,7.756193843149633,7.776762336745458
2025-10-04,7.7773158204441915,7.858515853604022,7.58994040954219,7.625479001700763
2025-10-06,7.627009059492523,7.775866016463305,7.57007185229843,7.580810911124194
2025-10-08,7.600415042820785,7.709539712872323,7.486091439833621,7.551796974866715
2025-10-10,7.528067735205816,7.682236724733557,4.835039640284547,6.826103136660933
2025-10-12,6.824289586394092,7.251894463136835,6.7190532455767356,7.196850440545721
2025-10-14,7.194234416556236,7.242326082726823,6.960554940913459,6.997379432845598
2025-10-16,6.998389458966024,7.07880040756791,6.716097641188619,6.842331529992031
2025-10-18,6.837703338601877,7.009447862894253,6.786394990146555,6.936668498278005
2025-10-20,6.907236381887016,7.009852330595173,6.78525561113546,6.815019995230258
2025-10-22,6.814115671970644,6.86317734264469,6.659222740028476,6.772933899332867
2025-10-24,6.770409697683107,6.91831520991483,6.725267799852606,6.8686341181966775
2025-10-26,6.868651313554862,7.021718643262205,6.8119284763438355,6.891313059662857
2025-10-28,6.892364787205964,7.067355219887592,6.81792438012065,7.067355219887592
2025-10-30,7.067542533521869,7.105966085958733,6.746457360382852,6.879923200890545
2025-11-01,6.881137255047013,7.036140683700067,6.776866845879,6.9182968247833765
2025-11-03,6.916992267981589,6.956316215075409,6.529849429663242,6.823393609642829
2025-11-05,6.82345231085778,6.990348794418741,6.720228796170587,6.9238675659589894
2025-11-07,6.909485449562999,7.5729713652119015,6.909485449562999,7.285093601861393
2025-11-09,7.282206757722,7.500079150332803,7.074837543188697,7.275349664665461
2025-11-11,7.373845109476679,7.482672698639234,7.135560512599979,7.243584426589497
2025-11-13,7.247247029426558,7.426680696340135,7.165200334431628,7.364247446786725
2025-11-15,7.363620317436895,7.552387082797976,7.308512085249768,7.404487046941634
2025-11-17,7.4159075287936,7.575303832952601,7.30705239027777,7.464430775771036
2025-11-19,7.462509255713948,7.5569444962784535,7.356676417112553,7.499194420017305
2025-11-21,7.488258783522474,7.607988054305202,7.163122347699426,7.275231837414667
2025-11-23,7.275166421518469,7.387023727589059,7.1963839838208035,7.29895296863832
2025-11-25,7.298707137960451,7.422203788254161,7.219179450566221,7.315557190108916
2025-11-27,7.311888358333642,7.34826677471674,7.122155745410915,7.16760129723002
2025-11-29,7.168642584124739,7.239930765482851,7.009018530676214,7.0717942719290345
2025-12-01,7.07080263937647,7.101919116208114,6.881762013421596,6.970600041308776
2025-12-03,6.960209712070911,7.078449649238093,6.903384020948806,6.954938705967672
2025-12-05,6.9451698620594,6.997414666070018,6.824439119704333,6.921214372162986
2025-12-07,6.921342791098641,6.944572996906631,6.7820390011273695,6.883296510579748
2025-12-09,6.8842349400066265,6.913268253544157,6.76172666886997,6.816252681652811
2025-12-11,6.8187349659068985,6.889530679943945,6.7519977207388004,6.850693465448014
2025-12-13,6.858781049770074,6.959694406108108,6.796031120557154,6.816578645754697
2025-12-15,6.838145861164964,6.89041812566524,6.744793998685814,6.7722197517884
2025-12-17,6.778116853371159,6.778116853371159,6.489452479932477,6.534424909484867
2025-12-19,6.538203448538976,6.876251307306629,6.491596007302701,6.76572218754051
2025-12-21,6.764902764680239,6.838196441463013,6.614756981287308,6.693802153823085
2025-12-23,6.696856298732468,6.740136921897934,6.578817807970383,6.679765975074487
2025-12-25,6.688854453818509,6.782658112160346,6.641000690294899,6.782369826135828
2025-12-27,6.8018369120828535,7.059694345001286,6.762580864865207,6.957203546025359
2025-12-29,6.94181193210839,6.945571919128532,6.810156411070237,6.8357864533397334
2025-12-31,6.849910141894763,6.884714338539507,6.75489763091772,6.824065026564245
2026-01-01,6.8307256703733845,7.056870615381472,6.754456443360094,7.00643051141952
2026-01-03,7.008773772960289,7.274703152072491,6.955357383129075,7.148580085554945
2026-01-05,7.153671712574415,7.2782259912754945,7.030088792059935,7.139604780689593
2026-01-07,7.1417828510733115,7.214939215011258,7.006637021475368,7.049645896670932
2026-01-09,7.05024465414765,7.14551445497626,6.94630515892811,7.036039630983996
2026-01-11,7.038132766434237,7.205822869735708,6.970903062264172,7.048059127784842
2026-01-13,7.038396911807249,7.186299892975008,6.981663819297427,6.98897751415646
2026-01-15,6.999605689713544,7.082169652740744,6.807738818338606,6.883672237337274
2026-01-17,6.890992313382939,6.987038820739635,6.7282895233277396,6.770002031338292
2026-01-19,6.792534196426474,6.885759373479113,6.520339679852573,6.768367936310413
2026-01-21,6.771058232678105,6.951459777969103,6.771058232678105,6.857491601541746
2026-01-23,6.889879283160434,7.0349386235488325,6.859925414184581,6.970030288376729
2026-01-25,6.978708505054717,7.026865030657406,6.82918001826623,6.959259517406729
2026-01-27,6.960255497678287,7.135300467745929,6.90716724538271,7.051303312008721
2026-01-29,7.056122593712552,7.147503850064445,7.0086935514627395,7.011345136811927
2026-01-31,7.014660222912212,7.141673675665844,6.896435621571589,7.0709315059715045
2026-02-02,7.070910785455645,7.290721284440144,7.06851364144406,7.258672555927959
2026-02-04,7.213245298797453,7.43965011666963,7.213245298797453,7.43965011666963
2026-02-06,7.442467299860478,7.442467299860478,7.295005939195431,7.38138847815909
2026-02-08,7.385797181149675,7.385797181149675,7.256695790949904,7.302090029815268
2026-02-10,7.3047962812844,7.452204614535519,7.2713715666635075,7.3880043170536345
2026-02-12,7.387602808041375,7.592754424331856,7.387602808041375,7.522070561020209
2026-02-14,7.527727814345833,7.753797520150749,7.484229191814134,7.599013083388395
2026-02-16,7.5979584132452525,7.693165562078677,7.588989419225702,7.672931906539203
2026-02-18,7.671793964197987,7.7322914081564456,7.531306253978709,7.566917504345602
2026-02-20,7.571295193001179,7.657399227199353,7.50842832220622,7.544613154511397
2026-02-22,7.543700945832739,7.579693084184474,7.425200954602689,7.503369380616835
2026-02-24,7.499002097823553,7.604869157413839,7.499002097823553,7.521369330491773
2026-02-26,7.529272401773424,7.630620702124774,7.461199809672626,7.573253837320134
2026-02-28,7.571442153613751,7.59076314235794,7.4890598743323755,7.536773762030216
2026-03-02,7.54571967407784,7.54571967407784,7.398350961313166,7.398350961313166
2026-03-04,7.396481780813992,7.396481780813992,7.197733854171393,7.312539152967792
2026-03-06,7.311120079866219,7.4521035254357075,7.311120079866219,7.416233720009985
2026-03-08,7.412150504893204,7.436554749188404,7.387772270937513,7.387772270937513
2026-03-10,7.390590390467773,7.391273855650421,7.318824609585318,7.351648588812543
2026-03-12,7.357854042191647,7.443882671513098,7.294975700725442,7.3528586407882734
2026-03-14,7.355350772437272,7.449545918132438,7.297376973575257,7.297376973575257
2026-03-16,7.288512645806822,7.414517109029445,7.2702081234312015,7.328610775915929
2026-03-18,7.334567640313823,7.410531152755423,7.320972997403015,7.347352939145167
2026-03-20,7.341538970040408,7.394996812832353,7.288928809937169,7.3749301572340595
2026-03-22,7.371154636527705,7.405196175035515,7.299274534322101,7.299274534322101
2026-03-24,7.355321036810452,7.546426244603249,7.3329033628647355,7.440108552796013
2026-03-26,7.4407205033230674,7.517570701084571,7.405428859107331,7.50337340640716
2026-03-28,7.497033821702055,7.622516539979156,7.455655789366687,7.5196821231129904
2026-03-30,7.52383640678058,7.567081675546036,7.440698772706809,7.440698772706809
2026-04-01,7.4398740924897,7.513049252022307,7.409918618456768,7.478968412968469
2026-04-03,7.481888889719837,7.579025708167561,7.450969576871066,7.491642742835696
2026-04-05,7.491354861475987,7.491354861475987,7.342296182377639,7.373100702531188
2026-04-07,7.374703597165628,7.419455970384468,7.287558099856701,7.318032758928913
2026-04-09,7.319703653581149,7.405002451437967,7.260223381925264,7.316360226270525
2026-04-11,7.3212818062368745,7.362484864015066,7.260078020574044,7.336039091833935
2026-04-13,7.3408650437892655,7.3408650437892655,7.12741736458032,7.172513810411152
2026-04-15,7.176530793803194,7.594192494708849,7.156541780037257,7.536903404110169
2026-04-17,7.546924478312286,7.590898784829592,7.183623981083323,7.228568514968782
2026-04-19,7.2178170535458674,7.287562105771306,7.12072254957831,7.154090813657192
2026-04-21,7.137259833336983,7.257918399899099,7.039927517681487,7.039927517681487
2026-04-23,7.030036407847611,7.178991563974391,7.013648533219833,7.119248504972546
2026-04-25,7.126161416027442,7.198183334466014,7.0655376600937485,7.096458694769889
2026-04-27,7.098619464627472,7.184974293838353,7.079925718748026,7.119824596502249
2026-04-29,7.1183002444319134,7.1425945779597155,7.034805619457438,7.055284764373631
2026-05-01,7.071656049391227,7.071656049391227,6.944775749850626,7.00794634261966
2026-05-03,7.005216390792746,7.092920488239452,6.952197545371843,7.022160487742565
2026-05-05,7.025483189419034,7.427827675236917,6.975652016729457,7.344485659112077
2026-05-07,7.34233295276734,7.691161355708193,7.305576774455548,7.58474205877117
2026-05-09,7.585442988518282,7.722223876555989,7.401997323543993,7.533031985257532
2026-05-11,7.5698275934895545,7.6676780909387245,7.435006542729912,7.5086373007405225
2026-05-13,7.507628644760148,7.593866925494328,7.355689022962417,7.435994779196281
2026-05-15,7.4322048573091966,7.479921395885258,7.195268984114038,7.2909540349258934
2026-05-17,7.293857723380337,7.459474090238202,7.2433187501010465,7.439766447023787
2026-05-19,7.4405541777732775,7.674259710815494,7.369837580898919,7.598517168389277
2026-05-21,7.606378411509704,7.817260915287086,7.532734483962838,7.5853345063384285
2026-05-23,7.590538001369665,7.799406631317356,7.54070262310088,7.6885781836047595
2026-05-25,7.691005943291282,7.845789971753728,7.60839561237326,7.677777981985108
2026-05-27,7.6627280576547605,7.849285839388805,7.554853993281341,7.726352570013642
2026-05-29,7.7248193615295255,8.08488220196927,7.678456652699646,7.850869914652176
2026-05-31,7.84397670810958,8.23436146891269,7.771275044740149,8.162848270605974
2026-06-02,8.162710693515024,8.68296011099789,8.162710693515024,8.68296011099789
2026-06-04,8.6849719886224,8.791105662039762,7.96433104200769,8.143787849640725
2026-06-06,8.146597961257704,8.326562690958754,7.969147890466307,8.161617508278068
2026-06-08,8.170635215545197,8.370210879576728,7.9984189383894675,8.138402001404877
2026-06-10,8.141696484222068,8.239618356740232,7.927086986771603,8.125206344092922
2026-06-12,8.12527149311482,8.328655722377697,7.935872246292809,8.103888519308205
2026-06-14,8.107557429230999,8.362235817277933,7.980015802929342,8.161599894807017
2026-06-16,8.164059831084328,8.426046118769392,8.063692414045077,8.268685993266402
2026-06-18,8.280100364056358,8.406612069394221,8.13164593199594,8.223525786327855
2026-06-20,8.221093874732462,8.222417144133678,8.049797410242332,8.103246479052197
2026-06-22,8.101561534769301,8.163779424970327,7.953864637755393,8.047806588954733
2026-06-24,8.038657157455972,8.168266825688422,7.956620596541026,8.074069940980939
2026-06-26,8.070072739260134,8.150922638341116,7.947243603234858,8.028822755059377
2026-06-28,8.029099661282336,8.136490366877535,7.948473290678759,8.067294815154165
2026-06-30,8.070454649281714,8.205454749174452,8.00541482222337,8.137443467275265
2026-09-29,9.396245776431517,9.396245776431517,9.396245776431517,9.396245776431517
2026-09-30,6.731821373699051,6.731821373699051,6.731821373699051,6.731821373699051
2026-10-01,6.790382324615879,6.790382324615879,6.790382324615879,6.790382324615879
2026-10-02,6.651929383268305,6.651929383268305,6.651929383268305,6.651929383268305
2026-10-03,6.561271717455224,6.561271717455224,6.561271717455224,6.561271717455224
2026-10-04,6.648735552938904,6.648735552938904,6.648735552938904,6.648735552938904
