time,open,high,low,close
2015-04-03,3606294194.636154,3657576633.666092,3566047735.024789,3610808724.401691
2015-04-05,3616446556.3573427,3750674211.432116,3582173049.4374847,3641241477.6408925
2015-04-07,3642130701.5671306,3659834631.0469375,3459598391.1983843,3489706222.3461657
2015-04-09,3486341342.6221695,3512731646.589615,3286073870.471049,3360392600.768105
2015-04-11,3360491892.180833,3411349716.378895,3314150962.200843,3371810435.272106
2015-04-13,3370761158.359951,3380414397.881717,2992624770.7234306,3077323786.394385
2015-04-15,3076750497.4344378,3276675328.0181465,3049945640.3337784,3243512092.6753364
2015-04-17,3242039263.5595126,3256283039.5670037,3134479758.406645,3185401875.229616
2015-04-19,3190270753.702724,3249528145.4273176,3160498269.8884115,3202584712.048156
2015-04-21,3202462587.4664774,3411133467.2921395,3194886825.594882,3334170556.9051557
2015-04-23,3331090414.9858317,3377731055.1596146,3254566601.0857286,3287595578.0480013
2015-04-25,3298182238.1420364,3318976885.23922,3074204140.8627176,3141018065.8261447
2015-04-27,3140680221.510082,3291982976.12459,3109574279.703707,3218378287.7002373
2015-04-29,3218536732.074828,3430100221.247371,3166896035.7005396,3373883862.3687863
2015-05-01,3377048864.040201,3418704192.4772797,3279283006.5096016,3338777529.654548
2015-05-03,3344816902.3335137,3466345832.6516137,3320195382.3227572,3406830885.8402576
2015-05-05,3405384412.6758504,3414636748.014183,3243849517.459171,3266900248.3030405
2015-05-07,3264735089.55797,3526463965.2962813,3249148018.3472385,3476479954.1647177
2015-05-09,3476593405.976076,3532935939.1696143,3406408469.5706444,3424052573.0815396
2015-05-11,3423823145.828902,3502876533.252574,3399793707.5297947,3454186089.0741005
2015-05-13,3454357579.082787,3501055882.875213,3327554670.772608,3400929206.9475064
2015-05-15,3400450783.7383347,3433882125.268518,3354879188.5330853,3380471712.6727805
2015-05-17,3384173612.746099,3407872270.508453,3324245107.18113,3346303528.2817917
2015-05-19,3347990824.6022286,3378341487.5664353,3313942888.6444035,3370107955.411886
2015-05-21,3369958052.662476,3467255861.9205394,3347313601.561836,3438228983.839174
2015-05-23,3435721870.765493,3490374764.8937984,3413923529.705314,3449654698.6245937
2015-05-25,3456529152.5969605,3479412294.462792,3360795330.74563,3401931008.0564804
2015-05-27,3402001499.857068,3431807785.3781915,3375944251.364089,3419327679.296772
2015-05-29,3420022292.375472,3426145532.148851,3334818960.492953,3352940217.6708417
2015-05-31,3359294218.3954678,3375014890.7660055,3190457343.0688014,3234106714.5900617
2015-06-02,3233321444.3677864,3289238309.417054,3199143794.8222237,3245385161.578141
2015-06-04,3253299872.989217,3272912199.3399835,3169075730.1632624,3249285776.213599
2015-06-06,3249631379.4026995,3274392375.556426,3217984397.5176954,3231959207.864999
2015-06-08,3231489374.603673,3352320197.316933,3224454548.556572,3317949329.7322125
2015-06-10,3317755881.559994,3335682880.3986063,3288381469.2137184,3321886925.298031
2015-06-12,3323600139.1585813,3368428174.743378,3306469918.251081,3360483093.0424786
2015-06-14,3366470904.020868,3447409358.7883244,3354467290.1124277,3428647404.082255
2015-06-16,3429640835.4227767,3747707657.496785,3402454260.1197705,3603230447.30432
2015-06-18,3602799870.293762,3661634257.0737967,3488153160.952802,3545029596.1968184
2015-06-20,3545898617.896815,3575328495.0729733,3487931632.1943355,3550069190.5360503
2015-06-22,3549391464.356257,3616096748.5483,3524786780.631053,3548957832.6364436
2015-06-24,3550895391.5860324,3557255651.1876817,3465330918.763651,3522429468.2007627
2015-06-26,3523503494.46646,3670638460.6512375,3491504870.260008,3655762417.9729934
2015-06-28,3663493434.9312654,3746947371.852857,3596833983.2405424,3732423486.2425337
2015-06-30,3732116289.072117,3908308448.840561,3694536788.4159136,3754446420.5103354
2015-07-02,3754228907.4783616,3802235653.2378883,3677762727.4494367,3730483517.734176
2015-07-04,3732697170.3145704,4014284475.7624617,3702088099.3618755,3962260708.982021
2015-07-06,3960231451.049706,4067343118.8535314,3850022566.490531,3874443032.8513527
2015-07-08,3876586547.3803673,3988381398.919587,3835067833.231504,3924953899.188626
2015-07-10,3926548191.1890564,4356144825.08214,3917260112.312721,4254122448.412289
2015-07-12,4261170749.942628,4649423233.425242,4103564859.5847754,4279976470.257609
2015-07-14,4276822356.7646966,4347245476.187909,4153806376.7914515,4176694673.653741
2015-07-16,4176641237.530721,4279798426.7022977,3976269577.1241617,4084480246.0861573
2015-07-18,4079175189.8504944,4140961503.299705,4024622841.2586474,4033528993.8996778
2015-07-20,4027810604.0764794,4118182654.040569,4019186081.3798347,4052250024.607133
2015-07-22,4048346995.4432364,4081399806.369254,4024805220.5760107,4051341947.91504
2015-07-24,4050895108.0137544,4278199240.738494,4038173167.979402,4228126058.437248
2015-07-26,4238838277.0006886,4366704246.913865,4198698152.1680765,4317151459.13746
2015-07-28,4313255710.493102,4359940159.847462,4211377078.0672812,4252113823.085838
2015-07-30,4253429750.49003,4258957932.410605,4133413224.1962104,4175466755.379706
2015-08-01,4180660371.932557,4189552643.042045,4058679878.8475623,4151450986.4243526
2015-08-03,4154741332.220168,4204593783.9510307,4106584138.9158993,4189118799.2524934
2015-08-05,4188092279.3591022,4206890213.7173953,4065225289.37459,4081289840.1141467
2015-08-07,4080927616.587187,4126370063.28669,3826166767.8723,3853859583.8365684
2015-08-09,3860522621.456404,3964286659.5293355,3841995625.367214,3892444323.435519
2015-08-11,3888694835.0273166,3999771009.7690434,3886432026.7926836,3942860807.4989676
2015-08-13,3939704046.7454634,3947874026.0072694,3856157630.4746914,3908325343.931916
2015-08-15,3910246028.4854455,3926289270.523858,3745061419.6250186,3777499547.6046658
2015-08-17,3777463513.2377377,3824436374.5863075,3258773192.087645,3316300507.802978
2015-08-19,3304117818.650698,3507821142.2548795,3273276121.1138606,3474829136.207461
2015-08-21,3469081902.4256644,3493424662.0966725,3288364353.8863735,3406978442.875956
2015-08-23,3412739792.788564,3458474141.60655,3065941571.1139884,3096675811.9963813
2015-08-25,3097479473.4719486,3414247261.400402,2924006101.546887,3334729279.7652617
2015-08-27,3334749190.6219087,3483731534.55925,3250118739.5510364,3418836494.6088595
2015-08-29,3420702834.685249,3453099545.008416,3326199663.7319827,3386317305.7852106
2015-08-31,3386677076.225206,3438257141.0921245,3315963861.90835,3370071505.7467356
2015-09-02,3370109921.7528443,3412511617.749181,3339748251.8774014,3358683117.6826463
2015-09-04,3358176789.5881505,3513467699.603825,3343671676.277886,3486312325.2443347
2015-09-06,3489670730.9399805,3622259241.4621205,3481423733.3829727,3557937622.082574
2015-09-08,3556499508.002379,3649338763.162579,3508407459.913544,3531013852.9554887
2015-09-10,3531318907.5011473,3581421531.142347,3476353187.9017067,3554523609.2538095
2015-09-12,3553113445.910189,3556488099.1194477,3380067294.1368613,3406366337.6780562
2015-09-14,3406490322.910153,3456358074.574885,3321111625.2839,3412383564.3350644
2015-09-16,3411573898.1731534,3489341162.451459,3306616762.55892,3445631262.153116
2015-09-18,3446051985.7559257,3482474351.1514497,3409086729.043341,3413336443.2780075
2015-09-20,3419032062.120194,3449563900.6096864,3344783351.0010667,3364134921.3259916
2015-09-22,3364219666.5284996,3452252682.490352,3316395003.299613,3410947904.428751
2015-09-24,3410730938.4529653,3527458401.996915,3399736199.0240216,3494938407.168963
2015-09-26,3493585135.925263,3503835095.704382,3439854574.3767924,3459946128.161311
2015-09-28,3459421232.7438493,3581934293.649037,3446130400.5537906,3525997870.2924867
2015-09-30,3523560010.1489253,3564371636.8028636,3490252600.55584,3527365144.8287444
2015-10-02,3540434553.9147415,3566852404.790648,3490402891.4266477,3551254503.8020816
2015-10-04,3558616568.2546687,3588307382.0563054,3512516629.768914,3585366033.219783
2015-10-06,3585443915.5459394,3696748991.5658765,3563998523.728898,3620371726.8104196
2015-10-08,3624300744.5286746,3648601820.970405,3601956096.830541,3640492280.989461
2015-10-10,3640455938.827485,3708362381.3570786,3616429164.594479,3699719710.960934
2015-10-12,3699756550.286156,3743718443.290117,3618662777.714881,3723947665.3785157
2015-10-14,3727746276.4873123,3823026786.2715306,3694264691.0736914,3791225504.281668
2015-10-16,3790784399.095198,4065963349.282336,3775893352.3209,4019569580.681533
2015-10-18,4025997783.097378,4045581003.211573,3873335148.791441,3931843249.500341
2015-10-20,3941311740.1088943,4071975830.1136665,3915748457.6016355,3992769833.684629
2015-10-22,3993549059.2792025,4177487792.744079,3983409123.447458,4150691537.917892
2015-10-24,4150555928.746001,4418677422.412731,4143135716.8985596,4236982396.888619
2015-10-26,4236775440.7011423,4477541448.594176,4164388497.294509,4408462276.195473
2015-10-28,4412344106.985929,4770791034.665993,4389980915.192407,4697304637.689857
2015-10-30,4699446564.632436,4996157106.31798,4518132757.00564,4626701383.411779
2015-11-01,4646367543.250298,5517244964.019219,4526767133.713946,5402328526.721972
2015-11-03,5395300879.204977,7490861454.010752,5373947636.955786,6082082132.631896
2015-11-05,6082528327.152974,6696375075.448685,5265888912.713778,5587151898.514065
2015-11-07,5586451405.246302,5864164871.310955,5469859516.569808,5569878281.881653
2015-11-09,5573022681.54504,5782948728.098259,4833753766.424973,5034811633.635423
2015-11-11,5008283469.361321,5160130785.937152,4394215801.784878,5041733956.600293
2015-11-13,5038968908.232424,5328577149.2065735,4858205931.046045,4980424046.111643
2015-11-15,4987999865.322139,5021687396.115584,4712100546.234731,4956314518.542903
2015-11-17,4956212909.225296,5251563966.799515,4926381806.5920925,5038304324.966348
2015-11-19,5038155615.533746,5051641682.798937,4650413402.598661,4832828243.3485
2015-11-21,4833132268.692195,4937821979.637761,4778397090.995392,4872833775.900906
2015-11-23,4873096056.790123,4903201631.406469,4762126872.798046,4804979684.793813
2015-11-25,4805569224.365634,5556561701.346142,4747277582.955631,5304092095.176687
2015-11-27,5316952329.207012,5481957655.263053,5220931965.695857,5358496150.400398
2015-11-29,5366277341.983086,5761210102.864082,5329358334.943521,5663690703.280676
2015-12-01,5662945359.288976,5700704241.363829,5240552962.486208,5397049363.556515
2015-12-03,5400060949.129051,5575312141.08801,5352952357.521977,5470214050.546988
2015-12-05,5469888712.06085,6026346212.441943,5457264174.379184,5848276030.728316
2015-12-07,5852833659.352001,6313898983.031331,5737642320.43406,6295484936.63629
2015-12-09,6277859276.79959,6408366636.054363,6023335598.246301,6260112533.421914
2015-12-11,6261487077.44848,7049635904.853068,6068214185.510446,6570624965.175368
2015-12-13,6580372434.82477,6767265128.341132,6365619488.995728,6690858835.468005
2015-12-15,6690285169.725601,7018249422.935619,6589108593.928353,6878045390.594333
2015-12-17,6872800075.092245,7042613176.908297,6623625226.112981,6976521749.80337
2015-12-19,6994241708.802202,7029396965.3878145,6555106877.426619,6688633958.263058
2015-12-21,6686399462.657384,6802955638.913438,6429173211.784746,6581799077.181924
2015-12-23,6584066224.651662,6947929437.5145,6563931644.940464,6877189199.701552
2015-12-25,6888988938.437823,6931819181.4514885,6155956507.335041,6313104544.738377
2015-12-27,6320337425.609572,6520545672.882216,6218728254.047863,6389939413.101028
2015-12-29,6377726350.338488,6600576781.784083,6340194111.045868,6455665589.350593
2015-12-31,6459470414.172971,6580094335.772801,6360597543.655055,6530137955.367102
2016-01-01,6529729188.759874,6611771709.34674,6472683931.768798,6571526362.941442
2016-01-03,6577205988.193673,6620432484.069686,6436551449.96025,6592796495.922714
2016-01-05,6579580963.934915,6614027841.111826,6473931760.227263,6520952982.431127
2016-01-07,6528871283.704507,7061945710.751789,6509165147.661533,6872290848.441849
2016-01-09,6861914172.154534,6900166608.37286,6701907618.334562,6827395096.637159
2016-01-11,6818334957.326746,6865488462.979181,6604332491.378678,6617193724.750582
2016-01-13,6616408585.045131,6673145680.417863,6458140460.82796,6539591497.357771
2016-01-15,6541588355.9483185,6551297854.339865,5359444720.248253,5895203086.932351
2016-01-17,5919905225.924619,5988354277.318676,5705035234.285925,5890583324.466336
2016-01-19,5888811523.917362,6464891456.852151,5684874471.036439,6357779211.21535
2016-01-21,6397100374.673101,6439866484.792291,5721127570.803033,5850133961.811513
2016-01-23,5854404465.3972,6224918668.944799,5819458234.267444,6157788592.952854
2016-01-25,6157003027.072561,6164342848.398533,5895991174.8559475,6018024390.912693
2016-01-27,6017813824.286846,6117307056.30519,5769835851.909507,5834504647.591088
2016-01-29,5832374987.1127,5903745767.9175,5581605157.777336,5761536977.87913
2016-01-31,5784969633.577508,5836518173.721849,5595655390.173567,5714066812.69138
2016-02-02,5714547323.368597,5766380183.716305,5607155189.0898905,5661984819.461523
2016-02-04,5662284828.24349,6027289193.479905,5652661646.81372,5921122082.965978
2016-02-06,5918972733.123056,5925597318.148154,5708979181.463917,5777765076.285078
2016-02-08,5777992771.773596,5841864683.099093,5683898334.861289,5749588397.026974
2016-02-10,5755978383.198417,5916728494.844111,5728723225.865591,5818658359.717164
2016-02-12,5819182532.477755,6034119984.455825,5802805163.981101,6028096316.026376
2016-02-14,6040397967.041295,6332655415.24752,6027095518.509109,6166689895.355763
2016-02-16,6170162158.672623,6509396733.834651,6111052592.24881,6410032577.828727
2016-02-18,6410866979.612647,6558301757.299915,6367426751.390175,6470774304.527586
2016-02-20,6477850596.008235,6925040751.184635,6464601982.839128,6773568360.310882
2016-02-22,6770528061.636165,6804331693.436108,6389199593.913931,6472492130.619235
2016-02-24,6473504953.958585,6598614797.583513,6315111643.454432,6543217441.752139
2016-02-26,6539028557.182267,6723045020.079374,6451707407.293277,6655484631.686894
2016-02-28,6666889865.392478,6823735372.758055,6526893269.677683,6729503075.192539
2016-03-01,6752326130.276965,6769499667.204877,6509524330.064182,6546103557.499022
2016-03-03,6529539098.690463,6574658088.865766,6280793759.898405,6317473543.237297
2016-03-05,6322014538.246283,6406254605.562496,5911099155.455253,6303049911.194699
2016-03-07,6301476175.554884,6448462824.510144,6245144776.441022,6389717530.982795
2016-03-09,6394980379.389738,6492120772.288484,6338809113.309697,6466942827.513788
2016-03-11,6467418582.273418,6570308284.6308,6316266803.032292,6391319353.834875
2016-03-13,6389134739.093999,6507489893.582838,6379919816.511113,6462573292.60919
2016-03-15,6459094391.591008,6506794811.524963,6412584879.7882185,6492138916.133917
2016-03-17,6491026874.531319,6535766992.09441,6273420588.094477,6351622381.2070675
2016-03-19,6345328334.548328,6434719141.660167,6286200790.48912,6418875350.584899
2016-03-21,6408597819.605773,6512357155.184052,6339625140.360022,6501379430.328891
2016-03-23,6498047777.194372,6545362103.14915,6441833914.610858,6489797572.851432
2016-03-25,6491093394.426702,6527108467.234534,6434670741.22933,6520996660.953298
2016-03-27,6532417740.347005,6654960003.070858,6505931895.121832,6616877155.085487
2016-03-29,6618120198.651118,6651657295.229963,6369761815.346678,6476761870.824903
2016-03-31,6475504770.911343,6532248116.21336,6434943029.5237255,6518038704.430851
2016-04-02,6518256869.630511,6588551956.850263,6510660247.167689,6574941286.549718
2016-04-04,6567407984.810093,6641206288.837353,6522612178.842148,6627733714.330963
2016-04-06,6628220561.6148815,6635621483.346806,6551207210.166998,6582773822.240052
2016-04-08,6583318222.60908,6650119376.438762,6446770199.190113,6550097001.578219
2016-04-10,6566752106.375996,6645815108,6542236797,6639464897.155017
2016-04-12,6639464897.155017,6737261306,6615981466,6655105032.376967
2016-04-14,6655105032.376967,6741934720.046568,6622756298.878558,6725088030.009228
2016-04-16,6721992535.515817,6784258931.038173,5927171252.885736,6707993957.121018
2016-04-18,6703778516.433123,6857832276.873836,5944413093.5477915,6835156425.859386
2016-04-20,6835407634.347726,7094180241.233967,6791100813.76196,7069006882.88056
2016-04-22,7068728793.186449,7095002779.446468,6941624395.177372,7086284698.046827
2016-04-24,7103424965.685001,7391245989.744957,6369910301.283268,7257116338.037531
2016-04-26,7256105744.397779,7381558333.79083,6431610932.065604,6996165938.853933
2016-04-28,6996395791.876224,7176481882.970566,6830389657.422601,7171502218.949227
2016-04-30,7172193201.419698,7183799821.503208,6174267501.599225,7132990502.65933
2016-05-02,7132965600.108919,7153609633.384256,6902271901.150941,7095107770.579248
2016-05-04,7105350895.177054,7115205718.698164,6991570598.473046,7060468001.095154
2016-05-06,7061622586.838864,7306599052.619177,7032117916.2355585,7204809324.6342125
2016-05-08,7233869291.599547,7328389292.137556,7175794675.264642,7259725454.993177
2016-05-10,7270326037.720577,7298590790.619292,7045370909.770483,7138771228.424932
2016-05-12,7139526072.548402,7211477585.167055,7071778628.4459305,7189881982.307351
2016-05-14,7197789795.593939,7241940376.44138,7147798339.893759,7229663423.64636
2016-05-16,7230426633.632252,7244622713.41317,7124307285.307249,7159783096.410373
2016-05-18,7158514344.745524,7205063165.301655,6872346794.997411,6900704423.109533
2016-05-20,6902250023.050659,7043124234.572435,6879767058.646471,7019879388.602873
2016-05-22,7024305691.09057,7043369904.310005,6896604410.159936,7026087516.95226
2016-05-24,7019509817.479942,7134817384.607095,6987443843.74872,7113365305.333013
2016-05-26,7107846877.415123,7584352243.44417,7076093707.665157,7472737500.698601
2016-05-28,7450052539.565005,8605210510.9922,7391880083.125964,8241443154.301269
2016-05-30,8236619136.565674,8734893608.145527,8107279330.9947405,8456879481.518552
2016-06-01,8463943725.042837,8639542539.72802,8349818098.416206,8553988291.184016
2016-06-03,8554435256.987177,9369281684.217052,8508345613.121833,9125043164.518421
2016-06-05,9136277911.327496,9339846789.186256,9007704391.026743,9306436628.508629
2016-06-07,9299906783.500751,9471714121.850569,8952697881.698984,9286550978.173317
2016-06-09,9286123589.722614,9301292452.588295,9109705805.256721,9212507749.890572
2016-06-11,9187796948.398426,10900172497.775116,9168603200.215862,10697972280.070772
2016-06-13,10645237684.970997,11557062593.556288,10418266944.602613,10920996586.88803
2016-06-15,10921136603.129402,12322253072.56128,10703343403.461836,12199201943.900768
2016-06-17,12215488193.263834,12407898724.500368,11221002890.270395,12001877770.107077
2016-06-19,12003349119.898743,12202330571.479115,11506931594.202162,11641556417.466173
2016-06-21,11548221749.902016,11619101517.65066,9364125175.668186,9592341854.130901
2016-06-23,9579151992.417679,10917636245.167465,8608490401.770205,10546499879.371998
2016-06-25,10532276032.154768,10915523366.726685,9820784808.029896,10105007796.75479
2016-06-27,10096098355.234404,10526842667.343382,9925598131.863194,10373826300.823614
2016-06-29,10371381291.41987,10815818977.855907,10088231913.725248,10786442046.25665
2016-07-01,10786625285.52925,11201544656.30373,10679118264.676489,11187521064.89849
2016-07-03,11206382545.190605,11276689217.261597,10333414610.52679,10893360659.238768
2016-07-05,10891560649.414663,10903311967.462023,10583060915.716265,10816518116.987524
2016-07-07,10817221910.969992,10916842867.02764,9789528574.046404,10616054051.310528
2016-07-09,10616383756.117369,10645179006.459652,10022234866.971626,10467989685.648458
2016-07-11,10468270379.971958,11092327457.222303,10379957397.753183,10947952050.503098
2016-07-13,10948952235.013302,11138088350.250288,10629355191.327362,10864802993.644154
2016-07-15,10870862514.538244,11081623553.122309,10784147798.354076,10910103695.061632
2016-07-17,10934399358.205027,11364552235.179525,10894670147.77224,11026314919.592102
2016-07-19,11027343667.892872,11234558517.103107,10914369416.157213,11006370246.583464
2016-07-21,11008342536.6075,11063874830.473475,10602168519.027481,10730979710.17446
2016-07-23,10737621630.932405,11066715208.18382,10714797353.682446,11002567637.393307
2016-07-25,11000416973.834496,11013479341.490564,10624818720.689072,10730946752.820501
2016-07-27,10730494266.299675,10881243912.813227,10679014203.980906,10806092001.951084
2016-07-29,10808912447.865234,10828201289.162169,10716751489.845636,10752337273.504765
2016-07-31,10777810745.859844,10808574040.388353,9943616231.515848,9968784768.945126
2016-08-02,9971515504.751028,10172782023.423756,7483444052.91963,9442563313.264788
2016-08-04,9446094803.175161,9918813302.694,9316063521.97084,9465878094.727308
2016-08-06,9466958898.718945,9917304516.909765,9397482654.347443,9808512849.89386
2016-08-08,9807433292.834846,9896435557.627375,9587934579.690529,9651290065.064934
2016-08-10,9649320110.301117,9897355753.992044,9569466955.988333,9646961785.36069
2016-08-12,9646172146.748453,9717069469.242434,9558672237.875994,9665777422.774885
2016-08-14,9682031740.860529,9714737111.479403,9217075344.149868,9369918846.356184
2016-08-16,9371099107.798876,9625586112.76892,9285459697.684647,9485613449.664585
2016-08-18,9489515856.14518,9547353800.294003,9377450897.214008,9469397884.269304
2016-08-20,9466624425.960861,9628453200.310915,9442370867.13434,9578797614.55124
2016-08-22,9579445517.116657,9774994799.862001,9548191669.336136,9594025677.179337
2016-08-24,9598093218.398697,9619236667.671247,9295405985.95611,9467165836.3378
2016-08-26,9469751870.06872,9544705408.75219,9316238587.206501,9371728133.166296
2016-08-28,9386055749.198015,9610389315.73203,9354531101.752893,9502524183.757736
2016-08-30,9515345429.559273,9646244407.234203,9443608405.639565,9550433784.109516
2016-09-01,9548978763.202599,9576904302.698025,9396942565.135798,9536731024.154392
2016-09-03,9531336746.068642,10177652451.240664,8317291550.353654,10076326027.321693
2016-09-05,10076889030.364086,10200359513.118357,9953851362.794754,10163737260.614754
2016-09-07,10167926000.299433,10419293496.374655,10065219816.246754,10340497177.114779
2016-09-09,10336671411.24774,10372516660.84897,10196209991.202368,10310815041.73694
2016-09-11,10324434469.689793,10437985123.258652,9769799447.152142,10060780901.892225
2016-09-13,10047895836.384665,10129847444.094675,9990711218.32937,10073872632.03052
2016-09-15,10076012745.347013,10089652145.437593,9968528969.031927,10022018644.860542
2016-09-17,10021259023.819422,10073929613.891455,9985634163.188887,10058178211.71619
2016-09-19,10058667051.032011,10100548571.685192,9874376282.222555,9898827913.16438
2016-09-21,9895403285.236824,9918055573.157948,9761732790.761642,9834619747.26534
2016-09-23,9833833379.97016,10013301117.522112,9793253153.570757,9956810617.626453
2016-09-25,9969468631.77456,10079663680.31924,9907623137.678648,10043651080.34883
2016-09-27,10043006957.11096,10058460664.101843,9928759100.246958,9991248879.663502
2016-09-29,9991634704.292616,10077220589.21841,9949137235.318802,10056006278.889359
2016-10-01,10051696432.89417,10178059706.859314,9994626611.640005,10072852897.899128
2016-10-03,10070813903.870258,10140115986.037197,10031025485.779896,10055398329.690483
2016-10-05,10050471248.484097,10129760249.661543,10019500759.673143,10074198335.643679
2016-10-07,10076058590.704245,10189001043.056557,10023496064.956882,10161619626.657812
2016-10-09,10251209633.026781,10283716996.59945,10175762468.415014,10232772822.945408
2016-10-11,10235922303.404203,10620862203.308409,10183633732.805504,10505383774.21202
2016-10-13,10503367737.83438,10629678563.24157,10430346971.86716,10519226084.276772
2016-10-15,10519020359.969828,10597519834.497047,10440327758.115664,10558234277.802332
2016-10-17,10557268997.696354,10567960511.770052,10433842825.214108,10478527604.978748
2016-10-19,10476010557.70928,10532725314.164963,10262518377.084082,10385916262.907484
2016-10-21,10384283188.383924,10866542102.947569,10362312364.200825,10810968521.024273
2016-10-23,10837009209.285088,10988994316.800291,10641939973.639395,10715002776.487272
2016-10-25,10713659891.255888,11202878613.14013,10651062819.585747,11052104298.511232
2016-10-27,11053482946.324978,11376672818.117332,11022997441.346436,11320360151.32697
2016-10-29,11322285478.886423,11881098769.148632,11258464200.669554,11483626969.98709
2016-10-31,11480022145.72912,12106426800.182875,11232467333.491907,11962252086.265257
2016-11-02,11961459523.939173,12262263568.470016,11046366376.818571,11271681325.853073
2016-11-04,11271184092.723534,11731965586.984308,11235325970.44724,11627097291.862503
2016-11-06,11642365035.830925,11795006477.38571,11499918634.574383,11673100257.137863
2016-11-08,11668280954.824217,12204930956.707792,11581219568.155188,11869539838.552286
2016-11-10,11874201539.031801,11901910569.198044,11607799840.185963,11789218722.356644
2016-11-12,11786337127.745338,11828089173.818651,11284347752.623907,11586865797.36808
2016-11-14,11586914740.747032,11851407982.539902,11481895408.55881,11758600991.955305
2016-11-16,11757466192.45339,12349688403.47005,11670045975.20428,12114484155.982397
2016-11-18,12114139079.790339,12443421830.653917,12072012309.35355,12341475116.935633
2016-11-20,12361437487.560863,12402016921.714615,11675425463.944649,12149419296.351671
2016-11-22,12152962685.335476,12405515895.430231,12049120871.67398,12234283585.399134
2016-11-24,12230666959.180435,12307886421.270317,11975914533.990414,12225826990.951864
2016-11-26,12222360984.212997,12250654675.20962,11922797745.218828,12032432870.249111
2016-11-28,12030080552.25913,12148813666.662014,11949930144.591837,12090015853.772009
2016-11-30,12094108390.848686,12508266932.551155,12068670155.862368,12432742570.674273
2016-12-02,12434174421.959509,12825988958.102612,12402476343.58611,12634370615.140722
2016-12-04,12648065371.125927,12720986403.118736,12251963976.405724,12431419724.46622
2016-12-06,12430767069.391737,12735933337.631496,12372968808.637068,12624008158.855452
2016-12-08,12621663169.413237,12785964154.199253,12575121871.921507,12714979690.385351
2016-12-10,12716126328.797586,12821326293.981073,12626083643.973328,12730833875.312485
2016-12-12,12731087936.979502,13071192728.96809,12667026474.713417,12860875643.664202
2016-12-14,12861123952.040909,12900538162.102877,12739704191.998388,12799163695.114786
2016-12-16,13069563647.639978,13344796715.715961,13056926841.115738,13297454289.5861
2016-12-18,13308991868.616446,13350079664.064608,13208323844.722105,13315280141.592537
2016-12-20,13305575229.791277,13966131080.793865,13253180513.868288,13933973503.022669
2016-12-22,13920400409.843348,15487111474.233124,13824061500.361912,15283591757.095417
2016-12-24,15309042457.798985,15419189453.803177,14410807611.385014,15014236324.689123
2016-12-26,15041268672.42613,15835322242.280067,14992229117.510134,15631513585.05038
2016-12-28,15651545687.700262,16577388153.169703,15603632077.142984,16314687360.72285
2016-12-30,16338718226.447313,16421555957.161287,15579486999.282118,16351699231.99115
2017-01-01,16391631388.0691,17457211448.255325,16181592224.768456,17134870697.24925
2017-01-03,17164090175.2641,19458949295.980167,17004273702.164827,19187220765.90707
2017-01-05,19215145714.30065,19653145530.423866,14798670977.811153,15075032328.772717
2017-01-07,15102881758.86068,15898558367.81606,13829974385.457882,15419303848.814478
2017-01-09,15461802381.538492,15483153618.32436,14882443007.340895,15322972696.429165
2017-01-11,15324000147.280828,15644010597.866224,12763416712.776413,13676561171.026533
2017-01-13,13677766575.177471,14244101080.14014,13188093459.06602,13993036635.594177
2017-01-15,14012574451.155912,14299311639.307486,13760679595.955774,14172720461.682539
2017-01-17,14170357714.463657,15552795006.146912,14111128922.530497,14991012738.29704
2017-01-19,14993813385.528305,15413211955.080145,14958413494.501099,15197984471.142208
2017-01-21,15198272755.292767,15939305928.760897,15153710598.783302,15665510924.899027
2017-01-23,15664275268.907951,15734361529.409527,14923019296.922903,14956604885.290382
2017-01-25,14958545493.624552,15600463059.092623,14941227559.112404,15516159745.641449
2017-01-27,15516271879.207397,15666739324.645325,15254693074.510311,15603820025.938496
2017-01-29,15617677874.935863,15688993903.739882,15453162026.593246,15635270800.621561
2017-01-31,15637789050.35551,16765521533.887363,15592848840.128023,16731419178.96477
2017-02-02,16730970241.217798,17313503866.932854,16509788625.57656,17173909912.637648
2017-02-04,17170032833.271069,17606813781.281387,16861145315.877453,17093756408.88806
2017-02-06,17097841801.535578,17845589768.076283,17041775890.046736,17813137793.247936
2017-02-08,17806670287.394714,18249408143.59714,15985638309.723974,16707850263.77331
2017-02-10,16704322196.595156,17255850649.86527,16135207783.220959,17125783435.05224
2017-02-12,17143162698.367413,17174282842.362461,16720132355.847843,16924403627.27284
2017-02-14,16920845193.172585,17283301040.57464,16796175648.440752,17169793654.968937
2017-02-16,17165875785.327435,18003019708.79524,17089690904.287771,17904325087.796036
2017-02-18,17907204815.370956,18086686918.299812,17683786632.18017,17845939415.47445
2017-02-20,17846086740.14474,19155484605.144936,17676696949.486763,19089833255.74038
2017-02-22,19091379170.238956,20148237550.861893,18676842777.448868,19903461030.431084
2017-02-24,19897225568.465435,20481067503.96907,18608659701.51505,19363933554.09618
2017-02-26,19382960674.07276,20269223941.10688,19098608317.237,20140255397.496273
2017-02-28,20140043453.38127,20917742947.570168,19869505921.978695,20786622288.5463
2017-03-02,20785070365.528683,22013246292.67495,20490537226.844707,21859173124.512432
2017-03-04,21861717897.146122,21897186501.828773,21011103121.81675,21626464202.749146
2017-03-06,21619047377.11118,21954637804.74635,20178695408.468117,21036780329.678436
2017-03-08,21033395893.856476,21224274684.477524,19302801629.170067,20406776359.707302
2017-03-10,20407671024.459805,22685564165.38089,16665698278.988054,20352727231.25215
2017-03-12,20367057096.415226,21681831595.542065,20175615678.483707,21534223116.894543
2017-03-14,21530741490.285305,22102500389.947376,21175522408.50569,21959753706.135048
2017-03-16,21959111005.6001,22136129100.66242,18562916606.361362,18867663869.251503
2017-03-18,18870859151.43071,19809441828.368725,16668480010.245422,18079683016.22107
2017-03-20,18073143034.38314,19975770468.754417,17918614497.347706,19671702211.726646
2017-03-22,19678662874.011932,19938759419.484665,17464655958.484203,18557056145.539307
2017-03-24,18542520069.332138,18842824149.401104,15980828090.386927,17326034106.353947
2017-03-26,17358190413.350403,18876853308.625267,16941187443.937101,18624629036.777573
2017-03-28,18604498404.55296,19180029205.928684,18018160322.87275,18649793823.25589
2017-03-30,18656091472.88418,20105875367.459694,18226299572.895473,19727466082.82064
2017-04-01,19743948399.525772,22176875912.738438,18970142274.106773,21508635145.700264
2017-04-03,21505930629.027058,22628508539.89045,19920969024.14392,21406900354.00515
2017-04-05,21412495412.388344,22438385926.532867,20614615275.209644,21912602200.094765
2017-04-07,21891711306.150043,22364986436.695446,21424011139.205112,21853472664.22755
2017-04-09,21890466936.115845,22523278876.874023,21610650845.15451,22226779354.605095
2017-04-11,22232749535.938564,22681234403.951633,21915340998.525276,22424426710.336555
2017-04-13,22424107539.472183,22692084958.12811,21221236014.93995,21722580078.98821
2017-04-15,21719776061.86021,22261725330.69252,21568563886.49426,21851636922.509766
2017-04-17,21952984013.675777,22639080149.921432,21788331202.372337,22377111991.479015
2017-04-19,22369606454.61024,23054033652.464405,21872666668.740196,22785218552.325596
2017-04-21,22784617017.698494,23322603806.136715,22522081238.90596,23001874197.211933
2017-04-23,23030676479.460556,23393254047.982166,22763283192.166306,23218389116.905876
2017-04-25,23211280877.11912,24387088844.646263,23091276370.246254,23915455864.323013
2017-04-27,23966226787.116875,25967653152.64793,23830546929.46794,25485620468.79268
2017-04-29,25491343352.155033,26595513186.850838,25170036510.51506,26282174004.20778
2017-05-01,26266887636.636673,28688917386.94645,25660900146.347397,27935820801.693096
2017-05-03,27928058088.45185,32704276540.765633,27437775619.178562,30566775356.41724
2017-05-05,30566484461.89777,33223100770.3861,29882913263.165955,32201449504.72186
2017-05-07,32270282950.803066,39594720257.685814,31689244054.111355,37812202217.0631
2017-05-09,37805561902.84338,40327991501.172516,33719244742.758804,39225203954.98951
2017-05-11,39237299700.47918,41526897364.971344,36419862893.44071,38320291031.48353
2017-05-13,38187839699.86731,41171462128.90491,36006979070.04136,40514396414.63251
2017-05-15,40508290166.71438,44952217849.99254,38083369480.79326,44214663718.34216
2017-05-17,44207683371.44223,49801129301.426216,41958600389.284775,48039235251.783295
2017-05-19,48038414411.32109,51545386073.18147,44915003770.56415,50624397458.904175
2017-05-21,50548019155.27272,55838758018.00952,45404712265.30022,50702159710.98462
2017-05-23,50622485443.99706,60736024857.30519,49760206707.7119,56812747878.73878
2017-05-25,56804307629.304375,64029430717.20724,46939828969.28538,52504191398.486336
2017-05-27,52503665328.87998,54538936433.343185,39553026475.61789,49834474930.37933
2017-05-29,49885812380.3969,53020676008.159584,46644302678.21283,48685223922.10929
2017-05-31,48678039251.22462,59443715077.966545,47519766431.669174,57959441653.969955
2017-06-02,57860544092.80337,61683702128.39628,54788939361.82635,59575498856.95355
2017-06-04,59727226509.45733,63887914032.93945,57180825078.06295,62621400726.6196
2017-06-06,62652096528.03676,67933482229.25688,60070159781.00137,62132784443.37153
2017-06-08,62112160175.25401,67357105188.47228,60096256288.8085,65226565771.85752
2017-06-10,65199851444.05216,68995328003.11281,63189776633.28397,67848567165.39549
2017-06-12,67847472630.614075,69253641196.78214,56352519296.291115,63320943306.84075
2017-06-14,63276910908.81902,66931997868.50408,48156845490.69641,56767448100.55047
2017-06-16,56709762425.94016,62794424438.34038,53806091587.21963,61673597929.080475
2017-06-18,61729870621.913414,63267890713.126045,57396359508.557335,61946003944.019325
2017-06-20,61937730236.1745,67808874774.53859,59653631714.47384,61984314479.229294
2017-06-22,61989504779.73389,65053089193.43081,59798380071.34566,63718271938.17986
2017-06-24,63740809409.28693,64968702639.5797,56368134969.639366,58294227419.803604
2017-06-26,58315632778.38199,59895431255.15744,51463832623.44845,59472776877.71999
2017-06-28,59505721212.97305,60688410193.49287,56598950157.19328,58690325314.58416
2017-06-30,58693226985.39551,59213507613.307816,54250145934.80229,55130407965.462944
2017-07-02,55152913926.94676,59361713040.9944,53982412228.37305,58157557016.36733
2017-07-04,58125050824.18134,60771294482.867195,57634577725.28123,59764862163.88232
2017-07-06,59757040414.65546,60678494274.19526,55036582784.3488,55871620361.47255
2017-07-08,55864021401.27607,58268457643.43277,54058461807.63686,55766517995.708786
2017-07-10,55776408090.43322,56289396016.91881,46662097919.642456,49268046700.07259
2017-07-12,49213474786.03313,53820264145.899574,47408558397.10502,50950011934.01885
2017-07-14,71013606040.3504,74086861184.7436,60710401734.074715,61337161253.868355
2017-07-16,61350822088.48379,69406499879.2234,52849761785.78472,68605441969.75885
2017-07-18,68684965601.361824,79131671773.3561,65258565356.603165,68878391362.67883
2017-07-20,69608395514.44547,92864788177.14789,65980867650.14152,79940580978.77953
2017-07-22,79917006948.93144,88028550206.68977,78586303627.56483,83732294233.27312
2017-07-24,83773241068.50233,85446751550.28328,71459775520.44862,76205285769.97737
2017-07-26,76143941978.09988,80684004060.63733,70636291908.10927,78174654642.3831
2017-07-28,78037664089.75325,82744804203.58319,72631597127.95934,78043749465.61198
2017-07-30,78251666101.9463,83790299008.79196,72972695519.64302,81025977432.33287
2017-08-01,80991801709.84192,88246359704.65823,74627511690.10538,79862981701.95747
2017-08-03,81600110239.58263,87663835888.01382,80737784466.27594,84692558633.16689
2017-08-05,84652314450.0493,102328822376.17822,82015982068.11395,98480656457.09947
2017-08-07,98351133934.8822,112308186083.27124,96225132856.03268,108708570014.93677
2017-08-09,108597170851.52373,112353739450.0237,99406145472.33891,107144004194.1553
2017-08-11,107161018587.24313,124014452182.4874,104898899787.43657,116499694893.12732
2017-08-13,116632230424.2286,130108954359.65471,109093790408.37222,123612503921.22723
2017-08-15,123731493620.41483,129847394561.35951,107036259717.82027,123548791659.22966
2017-08-17,123435307894.76692,136555661096.74039,114243853445.60234,125941978185.91216
2017-08-19,125845532999.57454,133035914409.99158,118244773887.79436,125296815807.69624
2017-08-21,125388064448.70035,137510964458.2903,110246644003.19145,130931098689.55875
2017-08-23,130821950232.81165,141818361635.5091,127069592518.65561,134124619648.97893
2017-08-25,134209281116.0722,141720958840.09766,131803617044.10849,137939845610.6221
2017-08-27,138040616529.29807,144563905525.62933,132655591523.48341,140472578748.0249
2017-08-29,140555120151.03036,151910932654.24045,135512019153.31158,147417054452.212
2017-08-31,147353187127.37878,161217887768.17538,145041745889.48813,157922967488.39865
2017-09-02,157845522131.93524,161577549391.6503,137881153162.40652,145413174199.70667
2017-09-04,145441896703.25323,146180457724.09796,119419902719.13411,135448905915.89226
2017-09-06,135376814347.85326,148408182083.50122,133277154426.82918,144515971196.10284
2017-09-08,144400014181.20157,147982484777.0986,123270628041.04881,133491228863.8423
2017-09-10,133758826289.8981,136504530617.17345,123787236129.38748,130541981650.67873
2017-09-12,131658234596.5539,138415141500.94803,114329768559.94324,120898206699.79692
2017-09-14,120851254979.19128,123270054988.71799,87299248566.9832,113416230823.4256
2017-09-16,113487135900.51274,119547981491.44957,105756048583.8537,113344479136.92363
2017-09-18,113425291385.60783,129268596479.97963,112830720597.8069,121205823583.00528
2017-09-20,121011084383.81776,126060102458.89769,108715013678.29262,110772602733.24742
2017-09-22,110674072429.06357,118746792805.82127,106847383966.94331,117184817484.35326
2017-09-24,117389806592.58665,124455521337.00589,111980053546.93599,121804990595.87091
2017-09-26,121831307059.69627,132836003180.55818,118808364879.77383,130391922427.06693
2017-09-28,130599716162.36574,133876503167.77684,112771064408.92883,127593080897.94238
2017-09-30,128372276347.08086,141048497084.65533,126511045720.88667,133586023866.1404
2017-10-02,133554381200.3449,136566362185.7024,124327509489.34436,130276488375.71356
2017-10-04,130102518936.11469,133927156247.49124,124088241718.97697,130807341852.39731
2017-10-06,130737388719.5421,136997486814.37416,129161084512.58252,134696782952.29015
2017-10-08,134727636877.2779,145790346660.75745,127597647898.80814,136528056270.7232
2017-10-10,136572635485.1183,145090242181.70215,133217160645.5029,140251822947.60992
2017-10-12,141326785861.57733,167159625968.20493,134275705711.16739,158932240741.22635
2017-10-14,158939658071.54303,165921856298.92847,150983359554.59036,160135078527.74042
2017-10-16,160046519547.4566,168143661761.1902,151229371496.3262,156405987689.70972
2017-10-18,156255215173.60385,159940030172.01175,140229073949.29633,155198516510.91925
2017-10-20,155186642570.42407,165916162139.69284,148518874070.7607,158784393161.70422
2017-10-22,159221627510.67438,163205457671.0793,146181427309.8861,153966976637.21295
2017-10-24,153971925941.7287,163405037992.8216,142507743298.25705,154720361126.12524
2017-10-26,154727245948.13986,162184050242.98276,150920161627.9509,155133729975.4168
2017-10-28,155128116494.1742,173432023284.95892,151187458964.12787,163620022423.51535
2017-10-30,163614323370.87802,173315394577.67526,159059358962.66776,168192319582.81854
2017-11-01,168223197184.536,188930415243.9132,160345060342.7792,177719870671.0575
2017-11-03,177862426783.77798,194267801652.1051,173822295880.03003,186344485186.045
2017-11-05,186996513243.87314,193338447900.83014,175678976797.55722,180390492478.86502
2017-11-07,180284297005.41394,210083866096.92664,177836555104.6631,193204944153.44797
2017-11-09,193309626322.8194,204788869648.24585,170368766403.55246,183172842416.4816
2017-11-11,182934451607.90964,221497038492.69272,159212756301.5194,180649379986.74197
2017-11-13,180779030837.44382,209124375379.24615,166911237472.21497,195046203707.1472
2017-11-15,194954318747.731,227479727115.78934,186816983866.8391,210199403741.44342
2017-11-17,210206757744.10788,224160480871.08115,199588880825.86456,218608574610.73807
2017-11-19,218722280888.22156,233927038032.32565,210911322972.09436,229671448160.22946
2017-11-21,229503009779.8751,237195080538.4968,215050524867.38834,232805190483.3143
2017-11-23,232805630997.93063,254921824977.31088,225238380249.3102,247211788895.05856
2017-11-25,247224272782.96585,278207406883.37103,239053976515.9485,269584804687.83524
2017-11-27,269820259676.85733,290953584633.8624,259124747344.71368,282834349484.8494
2017-11-29,282881767003.899,326590193330.7106,246095893098.0124,276528019308.0015
2017-12-01,276592445635.14355,312227855792.6503,258449614505.90558,300742749461.19257
2017-12-03,301101913030.74255,332362493160.22894,287650800078.94104,324301563347.38837
2017-12-05,324409978624.99347,389023239111.5427,302133655043.0334,354101508553.8467
2017-12-07,354071857190.24133,449528328141.95306,318628629403.33936,402424405834.6793
2017-12-09,402472025336.1017,431637603527.4662,328169522899.5827,379076838870.3319
2017-12-11,379069762464.85236,489752924574.9436,369910166827.7342,463389062843.2793
2017-12-13,463371476193.1759,519367526176.0359,417350212910.81714,487651110793.29767
2017-12-15,487578377873.4887,572592522427.8848,443648643948.60364,539261314200.0167
2017-12-17,539795280662.9955,591969771571.9053,509990738637.0175,569708749682.0591
2017-12-19,569719812162.7725,624574826144.5154,488167205639.16626,565312721368.7971
2017-12-21,564340459383.3433,622433094771.302,350573890464.23944,478829728206.17944
2017-12-23,478326417202.45544,563827896203.1392,430497535369.29486,496029417004.9468
2017-12-25,494175977497.5821,569458152065.4774,460290930871.6814,535270542130.46075
2017-12-27,535401289132.25354,570120349531.4457,456784883016.52966,504485213502.2114
2017-12-29,503904140120.38605,585704602141.8058,457179833876.6632,491617914775.3695
2017-12-31,494008884662.39166,564931369996.3805,469439964902.5964,535584963088.6252
2018-01-01,534720226470.2898,637391485413.4086,492177314708.8632,587343625244.5172
2018-01-03,586366870596.6719,714541612491.5916,570002159767.8948,645060581621.4198
2018-01-05,645107974343.0616,761741177512.4476,565788818040.4575,689375329808.4019
2018-01-07,690057326952.9508,744340270163.0575,564240879626.8323,649239587145.0131
2018-01-09,649258532988.1232,705396690697.9446,560102992330.0574,643367333975.4891
2018-01-11,643883164870.4049,681769236896.067,534589351196.0112,625776564495.0262
2018-01-13,625797149983.9457,689841519437.9584,585246932209.8092,621643730984.5896
2018-01-15,621620551273.3079,664063629902.4097,387523897377.6957,477114823182.6855
2018-01-17,477137137818.4599,545841378731.16736,361301158061.894,495172618781.9514
2018-01-19,495623570339.806,573875304581.278,474465411010.11584,552769869023.135
2018-01-21,554040214393.5146,560216656642.1149,422401872938.8462,466254480658.6683
2018-01-23,466483400177.18054,505489069475.16223,420704257366.38336,491642037136.7584
2018-01-25,491364960225.1644,515092444960.505,435280134377.29614,479039313889.08124
2018-01-27,478519063855.3094,535708381108.2006,462983530654.6211,519793842958.41675
2018-01-29,519386160544.2612,528614888088.6582,424357099448.6755,440341192935.90356
2018-01-31,440314823339.8384,471508100159.28394,364861357147.16235,397285430768.1886
2018-02-02,399530389161.5675,422565709239.0538,303228563752.5362,403394269175.9543
2018-02-04,404216239106.5044,413798400901.1675,268164624755.1758,289474261300.2677
2018-02-06,289726661855.69525,370890506217.1764,239643975236.65015,318383691007.23663
2018-02-08,318605013543.2153,385151188642.94934,315646840257.8021,378082204315.85443
2018-02-10,378075634037.91187,409768220818.5384,336447680110.58466,352129044753.6178
2018-02-12,352243849806.35706,394845750208.5376,346918703704.14575,368950677432.17487
2018-02-14,368439142244.93506,445609410271.06085,363479990180.69165,422957788316.6417
2018-02-16,422654824998.42395,474319598659.1664,406260044291.9832,459119765437.4185
2018-02-18,459882591204.0141,471523993896.7808,411942068050.7472,449785807659.45544
2018-02-20,449638330588.8369,474774258111.4959,391580139015.4475,405470477752.7109
2018-02-22,405346151326.849,428796682865.3258,369726273485.5913,400356168766.6314
2018-02-24,399777419536.8028,420889302257.5605,364463595706.0425,385663733311.5167
2018-02-26,385390554423.1026,431353685187.962,368424402832.374,410931932562.7945
2018-02-28,411009595844.6812,436926903071.2779,386528473541.38104,415502039435.0404
2018-03-02,415578415177.8443,433239368907.7411,400930518626.6909,419933700504.0024
2018-03-04,420756675313.4552,441349854383.68555,405802514367.5293,419841040950.54095
2018-03-06,419646061734.9053,427873745165.8003,340063059806.43036,366767924621.7013
2018-03-08,366896153340.28314,378841563880.36224,305198160811.02026,347312383847.2777
2018-03-10,347198151756.756,368218423857.85333,313513652578.361,353547664178.81537
2018-03-12,353487714227.5382,368448570363.50574,321288719863.7818,336992626211.7705
2018-03-14,337213942495.3699,347588398147.02277,275881382631.1055,300292052983.6614
2018-03-16,300119393613.7251,315990719400.8574,274418127041.87442,279756541827.7484
2018-03-18,280139835531.42163,313180406850.6073,247426346972.8036,305495336215.78204
2018-03-20,305415052770.4523,329273351616.3953,289602249972.81,313327795735.08075
2018-03-22,313282615457.25226,323141121119.8302,285204558027.5983,309947509692.54126
2018-03-24,310015732255.26196,317962486479.6266,291447302259.8981,297414388985.2314
2018-03-26,297566942269.32715,300881370980.19275,262875284358.51196,267619414547.72504
2018-03-28,267640259265.1534,280300926134.2357,231113458855.56192,238586699239.1588
2018-03-30,238569776260.87167,251681386415.81195,220601501640.087,236051142515.38773
2018-04-01,239483634683.2455,245775108990.05273,218647261328.40836,240735577530.8807
2018-04-03,240728646312.86096,262576665342.1718,228099202591.9614,233873505710.30957
2018-04-05,233906040809.7398,242127670799.0393,222233590165.91052,227081101269.72263
2018-04-07,227423279669.88074,246740485003.857,225109435598.82117,242931383319.33704
2018-04-09,243021838439.9642,252996313272.1925,228147694986.12186,240495185902.46106
2018-04-11,240407847857.68134,296854348657.626,237787144318.4431,286509917572.9863
2018-04-13,286648233079.12744,307501947202.9454,276832252423.58307,289262096379.28174
2018-04-15,290293025552.0769,312779717702.43176,286439656159.9821,296575526168.3931
2018-04-17,296719980676.48206,315118405671.7477,286081104052.30536,310643269205.53516
2018-04-19,310737250694.17566,362790671964.2594,305190173039.9873,354001738999.55115
2018-04-21,354012676005.0737,366085299999.1642,327814388090.4748,350353968884.442
2018-04-23,349964078551.88525,409637211077.4076,347437572241.568,391495423911.3776
2018-04-25,391405656361.14,398824375032.8255,336391617659.2955,375356924492.43036
2018-04-27,375403627604.77515,393600266229.0149,355506422731.9342,385824273539.7959
2018-04-29,386494299036.9439,405444924733.2497,371847182192.24774,380573796992.0631
2018-05-01,380941945996.0959,395197728251.18646,356419337780.9002,389417563037.59973
2018-05-03,389570362097.89417,424087007522.04626,379396751932.873,408740940088.1375
2018-05-05,408559840781.74475,430944077475.0913,393280666151.64417,409827453588.0708
2018-05-07,409698440871.81165,414300610203.7157,378162190030.45325,390983989981.2031
2018-05-09,391094057041.9945,402012216981.6733,371741563353.9095,376079253999.47736
2018-05-11,375808202471.9885,382938246659.88226,327866272703.74634,350761075965.3407
2018-05-13,351912108867.4741,378328220250.37036,342586600545.14014,363376107255.4088
2018-05-15,363235230592.4947,375316095696.9389,331341628712.53143,347186254931.26544
2018-05-17,347276269159.08405,357963234420.2036,322367288410.14606,340014635882.7684
2018-05-19,340146302971.0686,360676865649.48676,332330885419.64984,353466281117.3206
2018-05-21,353688609242.9182,358269784986.26855,319569070611.8794,322191081043.01935
2018-05-23,322270727837.00287,326885536747.70087,284525548064.78314,307422034281.9129
2018-05-25,307478224195.33563,312715093466.4595,291087754594.1491,296460085597.19385
2018-05-27,296697178492.2755,300979025275.3583,273186019230.03802,275314704796.8489
2018-05-29,275551425713.0631,306338337183.5109,271380700445.3684,294136694581.4609
2018-05-31,296566167073.50256,312010125977.4326,293100862211.5976,305442516015.19745
2018-06-02,305587885122.2367,329934399898.72284,301196320299.29956,322908501200.23193
2018-06-04,323526214124.62756,328534875102.6151,300601471162.2259,317288905854.06213
2018-06-06,317361572556.29553,323833650406.7376,308206477071.6022,318032817446.5275
2018-06-08,317888885006.3585,320089600148.89075,304310951645.941,308774933216.69055
2018-06-10,308627826104.96,309622648706.6405,263444700043.32248,278552428932.39935
2018-06-12,278597599162.55426,281158770284.27234,237164459613.35428,249779669426.69534
2018-06-14,250021740840.31497,272404697475.23526,245037099108.65067,254489203514.72696
2018-06-16,254565244304.0802,263017565688.1346,250003996489.4901,256024653480.4037
2018-06-18,256285800309.53836,275199523676.4374,250405140643.43094,269069264191.9476
2018-06-20,268918867617.3703,272629681491.18283,258254928054.84048,265052849864.41443
2018-06-22,265226179441.06473,266480493419.17896,228477307935.27078,239600635704.64627
2018-06-24,239647214603.8269,245832170266.9567,216155478029.81662,238125519329.61124
2018-06-26,238146830188.59094,240126038112.50912,221999782656.2323,231411779448.82816
2018-06-28,231709853646.9962,241715690348.37704,212856502519.48438,230503349126.6153
2018-06-30,230575878082.7426,246570733016.575,229322046230.8919,238531176854.9645
2018-07-02,238375380278.86438,259168059089.30255,233932182596.04813,246321821643.56195
2018-07-04,246388077479.37082,260896485511.13107,239592309165.66995,246808637513.9453
2018-07-06,246654880766.237,259067519877.74686,239006931759.823,254108879409.99744
2018-07-08,254144892015.5413,258115580770.40213,244620767321.04617,247096874943.25735
2018-07-10,247397250358.35077,249113289869.62576,228011564191.2774,235396542920.8721
2018-07-12,235472963361.61694,236883028678.19775,221495862789.85147,229855630627.3705
2018-07-14,230163106948.93298,239592443468.8095,227252981664.1901,236902814000.83157
2018-07-16,236898511899.75354,281281494825.13403,235022170510.36246,270876526142.58063
2018-07-18,270674150793.02957,284874247002.1181,260221625521.81293,268081509840.21362
2018-07-20,268029522636.06348,275820714173.07886,251131359801.2887,261849781050.04913
2018-07-22,261603751371.59808,275843474024.83295,252840107929.81015,264253944289.59814
2018-07-24,264333617592.67532,292725874426.3541,258829416229.80167,279314551217.58435
2018-07-26,279232081040.2968,286932149681.9518,263918723894.68634,278166413499.2474
2018-07-28,278219314912.31836,282071355193.1368,271907715349.26227,277967808342.3306
2018-07-30,277894616489.06445,281094574184.2862,252577804482.7978,258879230393.24213
2018-08-01,258886208438.19916,262985481073.9433,246146731992.2547,249940155471.96155
2018-08-03,250738791959.46564,255515890594.43018,232722447700.8166,238537564930.70554
2018-08-05,238487442981.67734,246893544285.0852,231554708417.29562,236492987013.17053
2018-08-07,236438177662.58057,244651256003.59558,199131981411.04544,207636696988.51077
2018-08-09,207879829652.97922,222033878317.1957,195758150123.00534,200770787587.2437
2018-08-11,200701149119.14282,212027929978.10242,190265651131.90067,201158664448.21878
2018-08-13,201219662000.7963,209476854316.05774,174748329917.30646,188900146925.5001
2018-08-15,188987741944.74164,205270609234.70404,187239335634.83704,194016246710.6298
2018-08-17,194467234517.75623,214584107435.66663,193194929047.14035,200744982609.9296
2018-08-19,200678153049.67578,209485973392.09174,191425741844.09137,193013533152.27173
2018-08-21,193111267636.99683,214505112127.74905,189848405872.70065,194540746412.52618
2018-08-23,194750860821.6738,207063671282.11295,193188038764.26514,204645380812.3169
2018-08-25,204661328699.96213,208694759074.3069,198797197010.408,204164291007.74118
2018-08-27,204054450786.4043,222526773707.297,201960156904.74698,219698749803.16574
2018-08-29,219709351906.41144,222511481797.25104,206380578963.38348,214209417328.47766
2018-08-31,214288895781.8259,228832042244.64917,207174335897.65182,224351739885.1197
2018-09-02,224542039063.08203,229877684665.7334,218933524263.92352,223786745124.1823
2018-09-04,223738837925.649,230232156782.3257,194747829747.09613,196173298558.7056
2018-09-06,196117592761.53928,201459213679.9803,182282028866.51248,189255445630.30637
2018-09-08,189336291239.9871,194469113914.49704,181580690856.9339,186253887947.37894
2018-09-10,185257777979.20285,189317236157.91714,178862267708.6962,183289435897.05646
2018-09-12,182165323141.27814,191009543350.28253,176556728375.09125,188599104525.9919
2018-09-14,187546776817.66113,192170041016.41504,184221553526.4197,189958001358.46884
2018-09-16,188856678071.4511,191663446059.592,181357206413.613,183994262958.91254
2018-09-18,182919317182.94128,192472315194.6661,181641962167.99945,189202744538.07764
2018-09-20,188214511746.7851,219265097460.05896,186751073030.2726,208969137777.09177
2018-09-22,208014288027.16193,213664382741.48624,200205807142.17435,209085322599.70233
2018-09-24,208057325896.89178,210722042343.0383,191962717336.91693,201071634216.52856
2018-09-26,200163953079.1369,209822054249.2953,195538955166.73523,206888880116.43835
2018-09-28,205869569390.76083,210220716883.00266,200165259811.50067,206959964890.11258
2018-09-30,205848557975.88177,211274067138.6155,202095084137.9487,206932157531.98645
2018-10-02,206052722747.8505,208816021376.33725,198995649015.2005,202530797782.01886
2018-10-04,201513547955.96524,206224117092.9381,200251708534.98438,204075526253.30768
2018-10-06,205616098989.00192,207003490116.15482,200703988422.3412,204766075838.62677
2018-10-08,204845663312.0284,209431280252.5509,202919638962.3639,205368048791.77017
2018-10-10,205440311194.9753,206170585601.44586,179269522764.71393,183014326138.2185
2018-10-12,183178050915.37033,190620371582.92102,180983101841.52618,187629550066.0808
2018-10-14,187447870688.9765,206627197392.124,182242453676.07104,194374438653.94336
2018-10-16,195307170953.48126,198960345232.11575,192621525583.8156,196525410470.68512
2018-10-18,196475340906.27072,199075485672.1585,191320218775.7217,194293304814.86743
2018-10-20,194278383564.33044,198434034511.76215,193437465680.66104,195500913350.2963
2018-10-22,195512240962.2469,197558778479.40912,192027728401.8379,195297299693.4337
2018-10-24,195325416570.2412,198241744175.23422,192793316503.56644,194493140514.1782
2018-10-26,194493728117.0395,197052120438.7331,193074646357.60193,194602083324.2891
2018-10-28,194637042612.7193,196270406474.61893,186357347681.8396,189245105512.17624
2018-10-30,189731610123.86188,193699312533.45438,186983475648.5169,191732221697.869
2018-11-01,191716295472.73438,196418369945.29062,190331012810.0492,194616711331.70566
2018-11-03,194561856808.485,203287215297.6379,192750893265.0921,200189439191.88013
2018-11-05,200383466536.68335,208294196226.48718,196768822762.09778,207090846297.6672
2018-11-07,207173900600.06448,210464678289.2769,199503186796.65894,200786081875.46487
2018-11-09,200771532384.21176,203536246887.3296,196530164433.80865,199616414845.32388
2018-11-11,199621127459.74445,202102359944.38654,195566349676.31125,198408464605.2056
2018-11-13,198445915555.6207,199817159644.9704,160670637649.82526,174210085269.19067
2018-11-15,174515357682.4559,177967801251.28497,158788428601.977,170482637354.10168
2018-11-17,170586624751.5277,177451411896.6315,167542529752.22617,173451399911.0772
2018-11-19,173462315256.26895,174313312555.5939,123202174883.6599,134709674651.71193
2018-11-21,134470588832.03557,145189747717.34302,130103818128.63371,132041679327.48163
2018-11-23,132157664319.84663,135640137637.46237,111616766488.89067,117217289281.73567
2018-11-25,117082022062.88521,127051282617.45013,104793946058.31874,114354707524.70856
2018-11-27,114368649314.61299,133635950708.49011,108471829662.4767,128889633969.78647
2018-11-29,128828644933.8819,134628773752.15564,115632150392.45387,120232563009.1469
2018-12-01,120299254207.59987,129087897856.31528,117809938700.3816,123661676009.51018
2018-12-03,123741211176.35536,124821942624.14574,111569126795.40282,117234119589.58244
2018-12-05,117155767197.11841,117888736592.46156,99235900058.70236,100674589382.05873
2018-12-07,100742126117.96796,105136584124.8065,93140274981.14072,100045851337.27977
2018-12-09,100093051399.25072,107732385586.12016,98010049653.71466,100049840905.07599
2018-12-11,99951496313.50215,102896774650.68434,95949361325.20427,100699552313.84633
2018-12-13,100680829599.69908,101513772363.15276,91581988680.99745,93722594844.66196
2018-12-15,93690204185.43785,96730292756.36972,91236351500.64494,94043595610.29892
2018-12-17,93950634720.5289,111426348615.97763,93261847295.05705,110466255679.62248
2018-12-19,110594991085.53725,127760401754.0394,108586361109.39047,123661715126.0867
2018-12-21,123583111643.22838,128515739048.5632,113594094017.92258,121591731257.94264
2018-12-23,121593621656.22159,138123036395.52972,119185528215.03763,127699539762.84328
2018-12-25,127560368490.65718,128448453587.27695,114393631591.76596,120063681977.255
2018-12-27,121717536136.06464,127197281907.88092,110547566401.13844,124065884283.95361
2018-12-29,123986219823.27411,127462051325.54381,117121517446.95692,122364006357.51698
2018-12-31,122474332283.0599,123204123498.9859,114679225842.58678,117174463123.69885
2019-01-01,117183102623.2897,127514583410.1668,113974989566.44525,125977412258.29482
2019-01-03,125962024486.76794,126659802416.87233,119394750167.0789,123414205714.77986
2019-01-05,123333447902.92203,132505781358.72618,120497685184.84892,129505131002.22781
2019-01-07,129477787716.44247,131918470763.95007,125190016057.36128,127783406442.76292
2019-01-09,127849045174.7339,131469031332.54086,111270644541.72809,114794869425.16158
2019-01-11,114837327194.67969,117780925914.97562,112138753808.5367,114421654486.16628
2019-01-13,114287363173.76474,118258105991.98195,108199388806.47693,116066445010.70163
2019-01-15,116121363965.70718,117423163711.36734,110725033410.4278,114103297383.37292
2019-01-17,114222440982.7752,116378818523.90454,111489034776.62347,113666794650.69481
2019-01-19,113711081999.84137,119252530645.13147,109084575836.97966,111528002635.17802
2019-01-21,111533835702.56236,114671428736.63785,107227926755.75531,113073665936.40677
2019-01-23,113099896690.95349,114779080300.64894,110759647626.7742,112764613508.99596
2019-01-25,112760019321.99757,115658527169.74754,110377993286.37013,112115748329.83711
2019-01-27,112107420368.66537,112774763536.84798,102911186601.04185,106102321032.22992
2019-01-29,106148778568.52838,109410627093.37721,102170106064.63081,107964604691.59982
2019-01-31,108100201002.87395,110115385190.92352,103910905629.78917,106980962102.0982
2019-02-02,106984948687.0627,109344619666.01144,105081318001.42805,106301351080.26353
2019-02-04,106227046701.59384,107709221899.20972,104916147151.48567,106586774804.67157
2019-02-06,106742462423.96837,107765386646.89822,102550634250.30278,104586167548.16968
2019-02-08,104828194763.31978,118042974096.05489,103725357071.44688,114179156230.96805
2019-02-10,114273171604.65213,116687166795.99446,111559697397.6065,113210065888.95415
2019-02-12,113179398154.66786,116029649285.7824,111384889032.54532,113261143734.42252
2019-02-14,113336864958.2305,115562505265.09976,111203703139.25534,112910065084.12984
2019-02-16,113127820656.88823,117845708950.95134,111983352757.29227,115772654485.16614
2019-02-18,115758296957.78314,130081294207.32281,114930858621.99559,124987414949.35378
2019-02-20,125038339244.60411,129335790223.78455,123229092692.72147,125242427422.23058
2019-02-22,125319553952.8688,135217237247.6559,124104486381.55202,133078183574.34506
2019-02-24,133086646782.6203,137357932152.60358,117463147530.2714,123005201923.06908
2019-02-26,123086383083.32825,124284570730.15717,115833709197.92331,121374951267.0436
2019-02-28,121443581648.5148,125524826061.95581,119346501818.39566,122320537018.23692
2019-03-02,122292911711.10658,123254110387.96687,119647884425.61334,121129767319.92773
2019-03-04,121156673889.95703,125726575611.37698,115853283324.29288,124125628328.46912
2019-03-06,124120822092.59927,126846660567.50194,122074140997.49083,124817795108.6263
2019-03-08,124800697204.27054,128522360582.93013,120440540652.78458,126368186566.70305
2019-03-10,126404607489.85803,127459471293.35693,122065236818.29826,123939429979.00722
2019-03-12,124110602503.9823,126988736075.31038,121780400675.4372,124881254102.67587
2019-03-14,125067232180.60582,128546050155.41321,122021904581.04086,127585421058.80363
2019-03-16,127580104363.71754,133244558211.743,127070930321.52727,129676584044.56929
2019-03-18,129683014701.00742,132209297100.07887,127715898266.01018,130890398243.69684
2019-03-20,130906829572.42229,133526022924.20946,126688659004.40573,129625889955.83911
2019-03-22,129585341313.71344,132276830368.91397,128578980561.486,131077214041.11923
2019-03-24,130940111237.91054,131718127929.44652,125735425501.31982,128176278127.37831
2019-03-26,128212934018.22751,134089606743.91837,125334953449.27977,133197055552.88486
2019-03-28,133185463807.36636,136407768469.99394,131202527779.4033,135115363645.0306
2019-03-30,135177975380.95267,137644934050.78534,132650656167.67763,135641190193.46033
2019-04-01,135605345341.15015,168889769572.03702,132060327030.1055,160993334690.61218
2019-04-03,161073646603.64795,180349309473.11615,153912856689.30084,160232876770.80453
2019-04-05,160282605254.89838,174633732026.87427,159069211656.99487,166571444266.5403
2019-04-07,166482558721.05737,178545087343.96716,164692791959.2274,173234219737.54343
2019-04-09,173264574788.04868,180196380080.68558,166998437341.13315,173348475327.1305
2019-04-11,173507553923.94412,174645531902.2365,156708387635.84277,163544532194.27368
2019-04-13,163578526539.64545,168169160453.1878,160528324359.39386,166787894824.52917
2019-04-15,166824077348.79623,169145670116.77036,157860813937.56357,166892983734.388
2019-04-17,167002689688.75864,173185155141.90067,164785683991.63965,170472881239.8257
2019-04-19,170582751378.05832,173746128811.8845,166275187146.14594,170933586211.77026
2019-04-21,171023383237.0918,174241727995.66748,164587812376.88162,170855532036.35217
2019-04-23,170875189294.31015,178710747648.01932,163481851697.10104,167866584596.86816
2019-04-25,167957970956.5922,171330799558.00974,152778898529.21793,158788301620.53674
2019-04-27,158968902311.384,162112668210.36865,156399009869.61526,158667373239.81168
2019-04-29,158570278863.52667,165126430120.21384,154268494477.5221,163944538059.8233
2019-05-01,164032266556.24576,168152575531.56232,162044443733.57632,165620370709.4704
2019-05-03,165676456148.10162,179176205882.2602,162555807774.13333,173851100979.26752
2019-05-05,173875721533.77402,176417531378.1402,167026631245.79337,172940339344.29297
2019-05-07,173108292930.32324,182448154827.18347,168036363417.4211,176512176225.8811
2019-05-09,176800650188.04135,188290596160.48218,172458111554.23877,184428454092.0389
2019-05-11,184515455370.1703,219110347075.6691,180876227137.9223,200796737529.3683
2019-05-13,200637652399.56064,242564877331.98782,193393143058.27197,231041631870.49377
2019-05-15,231189160154.2058,258960447156.136,226255324981.24228,238207716824.8014
2019-05-17,238135440371.73007,241973585284.5737,194618316301.10587,218613339387.59995
2019-05-19,218695955562.69952,250717291163.6039,215944214557.10394,238239029941.32602
2019-05-21,238250376705.31833,247361157264.73914,223045571438.62158,228035402086.3894
2019-05-23,227863664837.76593,246491789603.51416,221011004180.9941,239065008976.97263
2019-05-25,239111751779.81458,263204659679.043,232035444545.48132,258115964593.43423
2019-05-27,258204549914.77472,269824130087.40665,254433230210.2913,262767456831.51584
2019-05-29,262723983368.5847,281911920547.8822,239327940474.96817,250191603088.6626
2019-05-31,250379672477.8782,265686390820.21307,243812796959.58545,259651139175.4011
2019-06-02,259666333813.28668,269840150359.80457,242857638931.54276,246692585074.76013
2019-06-04,246588456736.14685,249167875974.24594,225173479203.34506,238504622519.4618
2019-06-06,238515922050.8775,251718019535.10178,226863496962.58813,245569357410.8719
2019-06-08,245442057606.64084,248541624546.68024,227321121075.31046,232581301599.00223
2019-06-10,232232992635.18304,248640475080.11606,228728959269.1094,242794555188.27142
2019-06-12,242980695957.42258,258652728248.26935,238823803053.45523,252482981329.83163
2019-06-14,252504947897.3912,269614559392.8402,245650458852.71423,265881523722.66068
2019-06-16,265993161859.15564,285231306157.3186,261107020407.32593,278187513832.09247
2019-06-18,278354618571.58325,280903408265.15686,264207181292.2102,277161241101.7646
2019-06-20,277123304069.824,303075691830.13025,270811844370.19,298628375452.4054
2019-06-22,298645939340.80133,330474344395.05133,289952483690.8468,313390332960.8983
2019-06-24,313229665466.0413,339446732446.4849,302821815140.74634,331799925661.9054
2019-06-26,331885486988.2356,388300861008.89355,281173964600.4788,307140696874.20856
2019-06-28,307367132845.0828,343503555140.2693,292375397610.84814,329133614236.1164
2019-06-30,328985140286.812,339675926173.6802,277528717914.70435,296188036987.2596
2019-07-02,288368352558.1899,332221818222.5273,269510758619.5043,325260071388.04755
2019-07-04,325111949878.298,330233577333.9824,294488432997.2478,303616818411.51227
2019-07-06,303844446170.36426,323866056398.3097,300389609131.66296,316494380887.8749
2019-07-08,316769275567.99426,347228967552.9792,307544214047.76404,335657651576.7119
2019-07-10,335654493242.0657,351836454874.97455,285945336980.0908,298227183416.90576
2019-07-12,298723988007.40106,317548137985.7093,284260163559.96906,299948566437.4209
2019-07-14,300399461111.209,303780904735.5957,252828890522.86993,279650365853.2076
2019-07-16,279534991820.6346,286020916813.1444,235516776725.5179,254417993307.84326
2019-07-18,255716316319.594,285924138063.0688,243608929128.8209,275484404274.24774
2019-07-20,275588021197.7592,294909924913.7676,271030745414.1536,279294572826.9329
2019-07-22,279457898314.8204,283504801055.284,257598566443.56467,260681199815.948
2019-07-24,260699569016.55246,272420528703.3641,250520299919.2866,263676912797.42554
2019-07-26,264328732450.93314,274000832846.48837,247423889633.11563,253085337264.36435
2019-07-28,252928889587.51486,261435375883.07126,242219014396.4192,254736543706.37653
2019-07-30,254812023997.52213,271927103940.17834,250172635444.73666,268241139669.35107
2019-08-01,268486157988.48264,281207449665.18176,260458440015.21524,275202698210.6489
2019-08-03,275257362037.41583,288957121257.45667,273158990056.95535,284256780484.17377
2019-08-05,284470370352.71643,314801822281.2076,281033420413.397,292387674097.7699
2019-08-07,292457750894.19696,309335246189.85114,287328395251.87524,298843163992.09875
2019-08-09,297467775935.97327,300785368874.7212,277525608389.39307,283595042547.10944
2019-08-11,283736818468.6149,293758925961.2617,278783278179.1922,286897872480.4842
2019-08-13,287058853302.1103,291000632581.9651,248796054137.05338,254018288733.71283
2019-08-15,254462892629.1556,266724375005.64655,237704395999.21622,260228492388.25943
2019-08-17,260019045573.66754,268242287698.53146,250806517848.9847,262747714989.8212
2019-08-19,262692730495.73004,278025557950.9205,259521193299.74265,270166902505.30386
2019-08-21,270610346270.40982,273040445093.93634,247013542565.89297,258255923535.72675
2019-08-23,258134143149.9814,267042149250.66287,250561020452.2736,258177394458.68265
2019-08-25,258220805181.0238,270277102187.3177,250832759855.44366,261474086118.97598
2019-08-27,261412472968.5639,263076062497.84476,238056288010.1438,244793310717.9149
2019-08-29,245278030546.12494,246842591008.7624,233583106317.54745,241382879972.6309
2019-08-31,241348398596.0993,248345474513.34995,237099103015.34308,245384047223.70773
2019-09-02,245426858440.28528,268543528175.49448,243177494283.63144,263153418698.89966
2019-09-04,263090500347.00555,268412596786.21094,255748439833.09836,260920346693.40305
2019-09-06,260813143002.66046,270637181416.51376,250222225065.84494,260445589158.90326
2019-09-08,260625153895.7449,265426559994.35352,251162037009.03305,258170962215.47806
2019-09-10,258217554230.76404,261453044606.81656,246274969944.34683,253875878038.98495
2019-09-12,254130603792.61496,261652855644.3097,249580088062.10513,258044285686.16537
2019-09-14,258436109985.90024,262482700152.33475,253961906036.74734,259040163587.80994
2019-09-16,259138625644.15173,266082367690.2596,253077584622.7011,261728997796.67746
2019-09-18,261445091593.5489,272024317040.20065,247217983729.7465,265569292499.64087
2019-09-20,265759837192.24753,267249848170.6663,256441691180.3808,258817998769.57626
2019-09-22,258642877167.70212,261576045053.30444,245683602608.3504,248443386533.83154
2019-09-24,248361323000.54102,251689462667.1068,201160057871.35123,215762460009.47177
2019-09-26,216151005029.93674,217740039712.28967,197001730145.29407,211463204866.88626
2019-09-28,211667433328.61615,215964187212.94775,203033811500.8718,207779016941.70697
2019-09-30,207973818686.43466,222166213249.54617,199125554985.20297,214879381753.54828
2019-10-02,214853226994.61172,218289645996.43213,207893779019.97314,212485334755.43964
2019-10-04,212608924765.3137,215129575699.93976,207846987132.4733,212456573122.38095
2019-10-06,212536239592.1112,219240755984.90674,202734719431.93774,215792026503.0935
2019-10-08,215857792446.3944,230878063110.13104,212527673095.45026,225817897555.274
2019-10-10,225879276793.78262,231053452643.5772,213626769116.58752,216405769161.46826
2019-10-12,216359495330.32986,222975597034.95685,213131819567.83405,217544697370.4417
2019-10-14,217539463960.77042,223209530114.16754,212233850462.7833,215577524948.12823
2019-10-16,215670927869.43585,216931726896.7842,207832082939.3244,214253950039.3822
2019-10-18,214277196026.54895,215975384046.16333,206100066828.06726,210630744297.595
2019-10-20,210648193343.05872,220921281919.0112,207235637608.5448,216706685186.28854
2019-10-22,216593656583.36514,220347300663.312,190964466783.8697,198572456028.23743
2019-10-24,198792904265.53595,234581769283.0586,195028748578.08694,227923046617.82852
2019-10-26,228354620449.81943,273752210663.64145,221488233905.92572,245756747732.16333
2019-10-28,246322464299.0639,257780110549.2211,235068862154.5184,245592720827.04535
2019-10-30,245653813851.59702,247492830190.081,232279091885.55002,238361229657.09518
2019-11-01,238416508448.48212,245082259268.0508,234651393965.17877,242116842471.97607
2019-11-03,242227705592.92407,251097883124.90057,235706234842.78146,245332230606.0807
2019-11-05,245457512815.36288,249776843107.5517,239186916218.6952,246408631638.66415
2019-11-07,246402816893.7904,247939279155.4327,227088692910.59378,231545670345.96335
2019-11-09,231505412558.90167,243399102117.86307,230001207428.04428,238942837255.97223
2019-11-11,238955716660.52988,241252274168.58026,226927457164.4504,234034614473.9159
2019-11-13,234086153771.95145,236048428102.444,226987826316.62476,229775442000.7109
2019-11-15,229930200226.60086,234459551154.13107,221201156471.34973,225890136589.3364
2019-11-17,225954365061.5724,230455017153.44205,212786027848.06522,217965411323.02194
2019-11-19,217915962718.0724,219593503484.08762,211750382043.74445,214790459564.77536
2019-11-21,214624421217.82892,216447431772.57376,179437805523.356,192894575959.59
2019-11-23,192735129306.1061,196814051779.45218,181517200827.595,183344663072.19156
2019-11-25,183184091802.43405,196656204410.22522,172275039130.9662,190073369865.85858
2019-11-27,189943647721.92606,203346365715.0762,180881106394.36722,196183887151.55115
2019-11-29,196141675954.28943,207807919785.39746,194840343454.16843,198942756902.55655
2019-12-01,198801469127.2486,200143458193.24417,188940123996.32285,193114748912.15787
2019-12-03,193234928015.59442,205923159930.718,185751465875.04373,189685324143.23743
2019-12-05,189887721197.42236,200782235778.77643,187668005994.61444,198082881998.19275
2019-12-07,198394412783.29755,201093130127.77014,194057821739.50165,198507420000.38004
2019-12-09,198440537857.0106,202107523792.25552,188274837622.70145,190691550810.8364
2019-12-11,190702551413.65707,193324537043.46783,186073244077.70703,190039018330.1985
2019-12-13,190226843423.0262,193387228693.46112,185065872812.43878,187163819446.86575
2019-12-15,187148399184.41806,190584797600.88913,178377034674.50098,180859562350.49506
2019-12-17,180815460729.79938,193503243159.79233,166334088081.47354,188186073360.30673
2019-12-19,188187629399.00497,190690927373.92398,180662930468.8711,185872332108.8948
2019-12-21,185815605829.22357,194494436786.46765,183191595202.60068,192907322495.34503
2019-12-23,193221474915.32144,197880978613.47833,183582859139.69556,186619804292.93536
2019-12-25,186652061006.2464,191558438086.52628,182347840265.99994,184893519969.35712
2019-12-27,185025035567.68002,190041560710.22186,181157815713.87775,188207667800.6723
2019-12-29,188248221568.9981,195001406648.57608,185882196767.20633,187047922456.59543
2019-12-31,187036569332.25827,189516226977.8709,183670962492.24054,185474129041.2667
2020-01-01,185455188768.94913,188054922346.21817,178481321224.47653,180152527142.0631
2020-01-03,180139620385.01865,192430996288.83487,177298169539.50476,190901506067.6641
2020-01-05,191040706369.42184,205621930900.06216,189570277358.04095,203577702392.31052
2020-01-07,203765822968.5049,218217933325.58023,199481573301.57892,206962368706.77017
2020-01-09,207097989127.41364,214393761669.52783,198132489236.37265,213089632436.0526
2020-01-11,213011077947.273,217213809033.2482,207305010321.11194,213615716477.99725
2020-01-13,213808324294.315,241968081975.9006,208302367561.7093,237483075936.20474
2020-01-15,237186739377.0596,243893202270.6423,226700799488.42172,233969872081.83948
2020-01-17,234113858022.03082,246691248672.63058,230847291353.18646,240488483846.0232
2020-01-19,241902629634.84555,252364211286.4181,226135029780.3714,233465874935.2926
2020-01-21,233815293025.2197,239681115765.98865,228853029739.3451,235069953632.23428
2020-01-23,235542900457.1406,236292994558.49133,219643163903.46228,227091541724.17807
2020-01-25,227060436650.9426,233392842724.08835,221406770706.62167,232404544361.3851
2020-01-27,232907405116.54132,254725958933.3683,230473767307.66483,251995599567.77036
2020-01-29,251728209329.8589,259935424761.31903,245699095313.24527,256926436245.49487
2020-01-31,257342227312.2324,259009889601.24542,246612446805.7327,254125251027.07584
2020-02-02,254310395755.9398,263375553902.2676,247264111273.526,254159844558.2843
2020-02-04,254141533100.92252,272084775965.41852,247153925830.0581,266486531704.1876
2020-02-06,266888825836.5591,277582202567.6702,261806321218.4867,273853088103.2484
2020-02-08,273839132313.01962,286775345867.9304,266857429673.04846,284574399856.7043
2020-02-10,285593529162.89325,295605363669.5591,271178561893.2255,290962435660.08636
2020-02-12,289528989468.0856,306499575588.6303,286754702500.75964,295980740602.1987
2020-02-14,295820198489.84247,305620965176.2421,278652565440.4847,284995676158.019
2020-02-16,285164766796.7924,291875349347.3842,264225196745.7211,278287502855.5555
2020-02-18,278740687464.03534,297038301825.14166,263317339377.65683,272811225845.7095
2020-02-20,272705654532.77545,280009350208.48645,264060836280.2359,276138452492.61395
2020-02-22,276335454988.702,286986924007.9982,271029322230.9355,284966404794.0952
2020-02-24,285040014817.72565,287380574188.5354,259133752765.9271,261834729137.97183
2020-02-26,261738057188.4898,264744466521.77606,235016241994.95135,246209786885.03082
2020-02-28,246144195857.60443,249960084650.71707,233543567729.44745,237638986684.99173
2020-03-01,238175877892.362,252733084971.41553,233193798058.04364,249936659030.93326
2020-03-03,249955104261.84048,251113481630.73322,241432933794.87924,245352326179.43088
2020-03-05,245578379999.10153,259527822605.88568,244221131791.22,258191886521.1243
2020-03-07,258329964235.9823,261273724767.3872,219730834017.1354,221952612671.4215
2020-03-09,222115648597.73355,228940033275.01773,204283112941.12555,220450076594.1495
2020-03-11,220458518364.05142,224342219018.21024,127044663907.88077,135471365013.5827
2020-03-13,134967849947.96703,170819608472.23972,108140467010.56686,145979452766.8827
2020-03-15,144297021739.36807,166686849952.63504,123674782783.40205,139409293986.53494
2020-03-17,139975017322.9759,155335748394.6122,136357024838.32146,150011481036.2501
2020-03-19,149934843027.0449,193210333651.53503,145084557126.44623,169751122661.0475
2020-03-21,169898324628.24405,177655157078.2768,156600432061.6824,159598185281.87146
2020-03-23,159159567279.55554,186733618460.60168,154918860168.73126,182804362256.58856
2020-03-25,182573362293.68283,188890598706.33337,174040503869.03198,182904931502.3699
2020-03-27,183346740094.85983,188032888091.27667,164563154189.38675,171752514120.93106
2020-03-29,171972954327.70657,181995463947.50876,160329838263.77066,175086226460.0059
2020-03-31,176604191943.30075,185365248286.9056,169486831439.59573,182657385662.74228
2020-04-02,182795232140.5304,199558577451.8156,179879569522.3901,186055211043.22443
2020-04-04,185993962694.24344,193622046283.89743,183234443134.8035,186748926132.5133
2020-04-06,187003012338.36563,210169612948.6379,186516649088.2525,200786185834.62283
2020-04-08,200657858274.26587,209735532410.43167,198901884943.30893,205622358687.97308
2020-04-10,205360258841.59558,206142002315.76596,187919157061.42865,193303560228.8807
2020-04-12,193293094647.2419,202487112028.32278,183495260122.13507,192311770362.80286
2020-04-14,192451662263.88593,196673249076.0134,185883838944.2558,186805456823.15784
2020-04-16,186994742630.4385,206297709143.7237,182000876869.44055,199137317046.81265
2020-04-18,199211951032.58182,209187220193.826,198560226461.87485,202788347334.09222
2020-04-20,202624110898.60458,206808013810.66193,191366765742.883,195028821744.0702
2020-04-22,194936646181.65488,220969244957.74454,193823331333.4597,212644745866.11453
2020-04-24,212753949552.61533,219966420868.57837,208394365312.72104,214413320118.60596
2020-04-26,214888213222.14975,222167073098.48245,211932462986.01135,220006492905.16138
2020-04-28,220290767938.19223,253522993528.9521,215635327517.24387,244975647056.5332
2020-04-30,245108803141.87546,264192402024.4135,231632662517.9655,244056544752.8061
2020-05-02,244323292259.4509,254695259351.28723,239712242449.28342,245285269637.25394
2020-05-04,245563305678.62036,251250527760.01196,233014224665.7217,246943173240.33902
2020-05-06,246948370525.71567,271557849567.26245,241225365342.541,266498046002.61633
2020-05-08,266576299919.4421,270336840325.54703,255611836547.1889,258134904109.7903
2020-05-10,257627665022.1215,260743355981.23633,218575206594.7661,232880897059.3569
2020-05-12,232947768717.88693,255005057346.72113,230717769021.77863,250779497985.3357
2020-05-14,253360999462.42648,269424684003.14786,245418391791.88696,251568741464.2526
2020-05-16,251598119385.9921,267970679548.93246,248721602994.11014,260766380029.6032
2020-05-18,260995223903.95004,271177932821.59344,254779407267.2766,264898280782.18048
2020-05-20,264617246797.98703,267611543501.51263,239072419665.6924,246904548277.8924
2020-05-22,246730492516.95108,256380716356.01102,242775533731.3938,251618088307.21115
2020-05-24,251663058170.08365,256789630381.27524,237061276813.78482,245794327213.11182
2020-05-26,245873711512.7554,255035592815.30145,239320036791.71933,252543722179.12003
2020-05-28,252630382685.9561,264815678690.5395,239790549333.29016,259063679622.10355
2020-05-30,259201294882.936,272672949947.709,256052643702.9352,261669229419.8762
2020-06-01,268755000000,297037000000,259556000000,272973000000
2020-06-03,272884000000,284987000000,268226000000,280205000000
2020-06-05,280119000000,283526000000,273039000000,277750000000
2020-06-07,277787000000,282849000000,267995000000,280458000000
2020-06-09,280606000000,287465000000,272120000000,283331000000
2020-06-11,283357000000,286673000000,258665000000,270955000000
2020-06-13,271072000000,272972000000,263662000000,266741000000
2020-06-15,267381000000,274930000000,253416000000,272352000000
2020-06-17,272336000000,275060000000,263815000000,268398000000
2020-06-19,268304000000,270577000000,260973000000,267538000000
2020-06-21,267529000000,281808000000,264668000000,277196000000
2020-06-23,277329000000,279896000000,263425000000,267165000000
2020-06-25,267171000000,269419000000,258218000000,263438000000
2020-06-27,263459000000,264978000000,250628000000,260986000000
2020-06-29,261101000000,265854000000,257398000000,261810000000
2020-07-01,261985000000,268029000000,256338000000,261544000000
2020-07-03,261597000000,266615000000,259183000000,264342000000
2020-07-05,264426000000,274774000000,256677000000,273110000000
2020-07-07,273105000000,281426000000,267629000000,278806000000
2020-07-09,279644000000,285413000000,266263000000,274203000000
2020-07-11,274517000000,279256000000,270400000000,276695000000
2020-07-13,274627000000,278449000000,266850000000,273253000000
2020-07-15,273381000000,275881000000,265861000000,271299000000
2020-07-17,271373000000,275837000000,268562000000,273438000000
2020-07-19,273457000000,277139000000,269975000000,272027000000
2020-07-21,272033000000,288994000000,270705000000,286257000000
2020-07-23,286416000000,293930000000,282544000000,287793000000
2020-07-25,287858000000,313621000000,286907000000,301851000000
2020-07-27,301774000000,345080000000,292643000000,324587000000
2020-07-29,324495000000,338403000000,319481000000,330924000000
2020-07-31,330942000000,360711000000,324857000000,356863000000
2020-08-02,356660000000,371813000000,313092000000,344597000000
2020-08-04,344728000000,362273000000,335551000000,357082000000
2020-08-06,357274000000,364630000000,336696000000,351310000000
2020-08-08,351249000000,363685000000,347945000000,356916000000
2020-08-10,357127000000,371358000000,337273000000,347874000000
2020-08-12,347700000000,370456000000,337967000000,365907000000
2020-08-14,366174000000,378652000000,359886000000,371070000000
2020-08-16,371381000000,394602000000,362681000000,382193000000
2020-08-18,382214000000,388965000000,354234000000,363205000000
2020-08-20,363406000000,374364000000,351747000000,354908000000
2020-08-22,354812000000,364989000000,347923000000,360286000000
2020-08-24,360536000000,370475000000,340606000000,350592000000
2020-08-26,350655000000,360586000000,340144000000,348826000000
2020-08-28,348912000000,362615000000,345923000000,356863000000
2020-08-30,356901000000,375804000000,355151000000,369167000000
2020-09-01,369342000000,389520000000,350801000000,362791000000
2020-09-03,362971000000,369410000000,312112000000,331633000000
2020-09-05,331958000000,338143000000,301642000000,321989000000
2020-09-07,322060000000,328966000000,306095000000,316611000000
2020-09-09,316900000000,334957000000,311506000000,327754000000
2020-09-11,327946000000,337002000000,321101000000,334847000000
2020-09-13,335055000000,342935000000,322011000000,337182000000
2020-09-15,337931000000,347181000000,329151000000,339487000000
2020-09-17,339677000000,349397000000,332671000000,342349000000
2020-09-19,342781000000,351029000000,332402000000,339248000000
2020-09-21,339513000000,343268000000,315165000000,325217000000
2020-09-23,325086000000,334077000000,309285000000,330909000000
2020-09-25,330700000000,338645000000,323747000000,333916000000
2020-09-27,334498231143.90857,344316166754.2931,328417191023.3238,333692518931.1529
2020-09-29,333550037178.1437,341176797228.72375,330260869759.83734,337393997941.4683
2020-10-01,337473333911.65326,344744682777.33575,320031593902.0068,328436121845.895
2020-10-03,328345617877.5813,334773235068.41187,325524181073.9892,332590981309.0709
2020-10-05,332612825072.8543,338216862195.5478,323125801293.6476,326737964746.60065
2020-10-07,326658537502.4586,339331113609.9764,322516489526.6949,336560726221.0158
2020-10-09,336675143132.1756,357752542594.578,332915627218.4165,349093622938.4083
2020-10-11,349037452881.9608,364784656625.60693,343890693099.57275,357035406939.53516
2020-10-13,357206574950.8067,366540687987.6289,349060463328.83936,354595306551.05835
2020-10-15,353248121371.4724,364258699532.9831,343096460616.3452,348117616555.097
2020-10-17,348415963605.851,356555763593.3074,345176000117.4646,354753118616.9396
2020-10-19,354751065149.00037,368427553734.4741,347727184819.5981,358226563530.9988
2020-10-21,358355328907.20447,397613405973.5623,353924491272.45044,388857613784.92316
2020-10-23,389033212194.4247,397135088394.8227,379750072921.73865,393362392922.86176
2020-10-25,393174384045.25195,403124900400.9645,378232767326.81805,388472714942.5426
2020-10-27,388633778669.07965,410321090528.4558,377665189254.8618,390531257357.5374
2020-10-29,390868204649.3446,402898085130.2155,378466263865.5736,393344595915.172
2020-10-31,393584143813.6527,411897049989.4741,387633423971.166,401162840710.781
2020-11-02,401241469317.1663,407560340700.80817,379404908486.22644,401041221477.43384
2020-11-04,401065993891.5765,448846971938.8468,384789244040.1865,435188305194.116
2020-11-06,435443388133.45294,456180761233.12787,409481899201.3519,424629254495.7095
2020-11-08,424378294248.05475,454286912362.81836,419097928236.74286,437519165179.7054
2020-11-10,438141397036.73724,460908123964.92596,429301145067.7894,448072979194.0128
2020-11-12,448033205347.9843,471116624617.98883,436271652696.0439,464287751329.6054
2020-11-14,464491705876.05865,467395834553.73425,445154939628.27203,451828133431.2573
2020-11-16,451579094029.89935,503595367757.2856,445415945764.03516,492890634488.2615
2020-11-18,492518198285.66907,514872280253.0686,468558575295.8672,492876733788.94293
2020-11-20,492913254380.2127,544201815986.1243,488333097936.43713,536112004291.74554
2020-11-22,536398329138.9342,558821197016.018,498307609877.3472,546875287212.06085
2020-11-24,547338253817.0701,593323916705.2871,527143526338.0818,550707867459.2272
2020-11-26,550864974003.5844,561023524224.2952,467225795549.4824,505109236238.94086
2020-11-28,505349149896.2656,545713653982.6749,494603329352.1449,537924391132.5878
2020-11-30,538217176114.5052,589923853907.5972,525086955901.4938,549684826158.3099
2020-12-02,549979858182.3771,578935895125.2549,535917933004.2468,571082430134.2467
2020-12-04,571122553306.4519,577071913889.1594,535970606993.1229,559773327767.9325
2020-12-06,559891582934.4691,570422747481.3041,548960974388.91125,559624885268.5105
2020-12-08,560453062650.0431,565103267110.3398,509653484667.9817,542764813891.4432
2020-12-10,541867257218.1331,544372869123.3504,508982559430.5383,523196364519.4657
2020-12-12,523043514266.6885,563187410771.0298,518843582793.8751,554133386510.6805
2020-12-14,554066954367.6469,566114248748.5734,544966718371.97,557875044489.869
2020-12-16,557783692455.4221,679197233337.9955,546469661629.3802,637811623411.63
2020-12-18,638158027147.8086,680618190899.3075,622503012613.2859,662096522018.7955
2020-12-20,662264635691.9791,679453406011.1266,601714499559.8213,627222847248.8348
2020-12-22,627727413134.3783,660502065709.9039,591223492777.2639,616317149719.1888
2020-12-24,615511240071.1971,672382146869.9479,599099605381.8328,659886280084.2924
2020-12-26,660171776229.4769,754406872780.0646,642769210714.915,695068319531.6501
2020-12-28,694934855255.7233,738610753014.2341,678786907469.104,724883768967.8447
2020-12-30,724820562907.5654,772521929150.0823,712740776234.1403,759201367397.3368
2021-01-01,759916083129.736,865830270077.1464,740422000954.3193,825342841900.624
2021-01-03,825749307367.0845,925158354258.0712,735699155402.2623,863680786080.1676
2021-01-05,864631228976.0543,1016574142465.659,799546344519.7275,991860497237.8872
2021-01-07,993821478169.0414,1115329737208.881,954061896230.4008,1066070790406.5256
2021-01-09,1066936929828.152,1131705649834.9128,919988021898.8088,1033108510287.1504
2021-01-11,1032836626953.3762,1040938975332.1346,803970458724.6102,915120702731.391
2021-01-13,915130277505.9348,1083275516505.5477,865302380554.7653,1050855279159.6948
2021-01-15,1051426748151.8181,1081561094947.4316,922824897257.3735,997388839571.0657
2021-01-17,997798796749.4602,1048775949773.6527,935035266130.2982,1017753283655.4784
2021-01-19,1020212794644.6329,1080420973685.4995,935989680367.6271,1012379117315.8823
2021-01-21,1013163724239.581,1023539817197.1094,812585643337.1746,939703590185.4119
2021-01-23,939965612806.8253,980376279008.8059,893092851189.0536,952971028043.8998
2021-01-25,953291280762.3752,1038214912219.3025,893704331163.3597,951680099502.1515
2021-01-27,952542319018.29,1004357118586.3384,847357155814.4263,972129873557.616
2021-01-29,972548683424.3771,1136180574418.805,902909423983.7849,1007885093617.1459
2021-01-31,1007642542252.3215,1051717820188.6403,938941739103.3633,994603092867.036
2021-02-02,1001498697119.8679,1111007968616.2417,979480958066.2832,1091165876553.292
2021-02-04,1125805019250.8528,1185246757669.7283,1068491666028.077,1166138199059.0251
2021-02-06,1166954428199.3967,1256593089349.2842,1105388531365.8853,1168609749339.4373
2021-02-08,1169302209163.4265,1431861195204.867,1106251486648.6155,1368210395351.6113
2021-02-10,1372629190030.6182,1487199768890.0593,1284506349648.8225,1432990176711.781
2021-02-12,1435427899902.6394,1510651871929.1147,1372780266366.9397,1456996504646.9905
2021-02-14,1457528427223.473,1539191679071.4285,1349968494787.2915,1446385634132.889
2021-02-16,1447090332605.5164,1586392402943.269,1396924814659.4124,1553391500023.1965
2021-02-18,1554619802173.4766,1753850209163.9163,1500386881618.0073,1684158204759.57
2021-02-20,1686227275721.0024,1778338582133.8193,1582935287900.2734,1716963172192.0903
2021-02-22,1717443502349.181,1748980638173.3657,1291001154883.1064,1455054857043.9973
2021-02-24,1456789581549.3125,1576446396154.3228,1382098808318.8452,1405822811169.582
2021-02-26,1405571150399.1294,1481318462464.9185,1308692214366.4324,1398030818765.451
2021-02-28,1399091876623.9172,1519059612229.1624,1278858866702.35,1494410652699.4688
2021-03-02,1495419599855.978,1600833137250.2583,1406111409712.7004,1514858499793.6448
2021-03-04,1515461339846.5085,1582241893197.818,1391894910031.7773,1475658746729.071
2021-03-06,1477083866806.4275,1582804831208.569,1421334628376.8352,1555375042782.2385
2021-03-08,1555396346295.4573,1706721962785.186,1495452768087.3494,1684489474938.7188
2021-03-10,1685652396319.7922,1769491523746.237,1588089633402.2947,1728406209357.804
2021-03-12,1731824759300.8845,1860348541207.046,1622771007345.4692,1815105047674.3884
2021-03-14,1815589549357.378,1847072024208.3313,1614771016793.7966,1676421305807.548
2021-03-16,1676093852997.3928,1808638944495.734,1593018798622.3562,1774409439706.772
2021-03-18,1775766418072.333,1831560580909.0264,1690334552395.0334,1762236116261.4019
2021-03-20,1761634020624.929,1841309410646.8867,1676524260663.8137,1746452848076.3154
2021-03-22,1747213246601.9844,1802377138333.6316,1606600788059.1516,1661880590826.0337
2021-03-24,1662407178560.7305,1764013477621.5508,1517319833399.7334,1571537348154.3667
2021-03-26,1571714728785.7644,1752466102098.7825,1559667624079.3943,1707135346146.6243
2021-03-28,1707051643446.985,1812823128604.2756,1662939716813.871,1771165234467.077
2021-03-30,1772540307587.5623,1872349066697.455,1726201258448.2834,1823288574639.3787
2021-04-01,1824310781149.2014,1929464858121.3208,1782832068224.1157,1880322289332.9973
2021-04-03,1880048158222.365,1932205999932.4026,1788535517927.3545,1879008990335.3909
2021-04-05,1875773135258.9187,1991828758098.8027,1815252531908.4805,1922874927905.6453
2021-04-07,1923800637458.6843,1965440395837.9443,1782375740390.6995,1919353576348.4924
2021-04-09,1919538506679.648,2064361656182.5947,1884207066691.5964,1988885865025.476
2021-04-11,1990149014807.39,2093220642786.9055,1949831196238.7383,2023390901466.4973
2021-04-13,2024860799652.9817,2258831920721.218,1974481089664.602,2165047696911.392
2021-04-15,2165062711559.0017,2304913905457.735,2049647337708.9773,2177436596499.266
2021-04-17,2178918328322.544,2277056134513.6265,1754763603679.6692,2005354124886.9512
2021-04-19,2004334243856.0564,2099775249544.389,1837060441787.0789,2025644572004.5127
2021-04-21,2026068697630.755,2094401726260.654,1794376332415.0767,1873593358094.05
2021-04-23,1873822943052.1697,1919223032036.7637,1642704356537.4563,1793820399749.717
2021-04-25,1794987425652.517,2007353148637.7495,1684846100201.6504,1976672954309.942
2021-04-27,1977342627395.95,2124039785283.4724,1939746631167.0017,2050567278244.4475
2021-04-29,2050929196756.8245,2198507097416.9531,1954953423097.1772,2153103105903.332
2021-05-01,2154417417597.5444,2229414989933.7427,2110293172558.3748,2160506986143.1724
2021-05-03,2160710277001.2993,2331987993799.8237,2064441566110.6155,2128540018255.2104
2021-05-05,2129013255828.0483,2447303008585.9575,2090488871189.203,2322125318325.834
2021-05-07,2306132215566.8774,2481753743026.405,2206286310638.869,2410534701446.987
2021-05-09,2410415133802.6904,2531440122497.6416,2136097262127.3677,2290868673333.35
2021-05-11,2291553289943.668,2576903349604.0806,2084179516849.8684,2155779276082.4197
2021-05-13,2157908872045.3835,2386985148117.2017,1965019094761.322,2292314152912.714
2021-05-15,2293146887518.1313,2371705941668.1943,1970989845954.1711,2129758545560.963
2021-05-17,2128879268157.5413,2161749794299.4167,1884448106095.5596,2004949311658.2073
2021-05-19,2005386788578.1433,2056339291308.5396,1204087828339.0051,1753639696212.716
2021-05-21,1754730391620.5686,1853106221085.1987,1382620601854.0889,1522887872062.5513
2021-05-23,1522644582967.1853,1693556896058.8186,1195278530753.98,1640146525193.7622
2021-05-25,1642166419911.9949,1786936280622.2021,1505335664998.0984,1722887129002.0408
2021-05-27,1723506011924.9514,1770603190084.717,1465317950393.0881,1525732643712.467
2021-05-29,1526190232767.6714,1611350271172.9165,1399499334172.1907,1519542902018.024
2021-05-31,1519489394819.6821,1681487286136.7356,1449456874051.028,1610248523994.6777
2021-06-02,1611951019233.4114,1772054025986.33,1563723096847.754,1736148401165.8862
2021-06-04,1736230553559.712,1751280008120.5469,1537549493243.388,1583608552275.757
2021-06-06,1583600175532.1533,1672917114382.559,1491972692529.428,1510546604408.025
2021-06-08,1511633101713.6602,1650352619646.877,1373773102100.0498,1609542065597.8792
2021-06-10,1610515189663.3242,1654015678171.2258,1481614171636.4856,1532053335095.648
2021-06-12,1532205550418.5293,1646375755941.1235,1430142703701.4917,1608615693243.5437
2021-06-14,1609030986307.0728,1708023483695.2778,1576394020049.623,1641815440776.481
2021-06-16,1641668030172.371,1663756857678.0925,1522048312714.0132,1564858870441.0918
2021-06-18,1565486440144.4746,1581340640638.628,1432975838837.5413,1457930303302.185
2021-06-20,1457690749984.8403,1503277680427.741,1241903933733.6418,1262685889110.4727
2021-06-22,1261663608084.0105,1394559315667.5784,1126826866739.7566,1338207270051.7397
2021-06-24,1339006398457.628,1417459835239.2542,1240040859230.1746,1262637912635.8577
2021-06-26,1262228394514.5012,1380079486086.743,1198287103061.7793,1364948074017.898
2021-06-28,1365358327532.7332,1485176195072.8906,1332106281822.9744,1436833011572.1357
2021-06-30,1437026388577.513,1472519201162.3093,1327174225672.25,1364305899957.4873
2021-07-02,1364053784248.453,1433016904247.817,1319306327749.2131,1415889329389.48
2021-07-04,1416017365679.0276,1484696483063.0676,1357943277919.2583,1389489077873.812
2021-07-06,1389812760052.4011,1476244989292.672,1377774166863.3958,1420607405388.836
2021-07-08,1418172753827.7283,1428239846191.8452,1313515075468.0261,1383556723424.7285
2021-07-10,1383785849240.7786,1413993312620.3687,1340795055272.142,1391267365717.7476
2021-07-12,1392478598859.4363,1419940572297.688,1294440267495.2925,1321600660836.2268
2021-07-14,1321754067056.3923,1369105105339.808,1257319439920.4888,1299965884692.209
2021-07-16,1300457328763.3398,1329838800107.6648,1248026253977.9492,1277409037323.8005
2021-07-18,1282449854029.8633,1330940122185.2412,1223984586723.3943,1243636597661.7905
2021-07-20,1243823207128.2568,1342677922956.8694,1158485268048.1155,1304334701285.516
2021-07-22,1304781778700.7612,1381048935733.6797,1278449505094.1577,1368988521263.171
2021-07-24,1369505418086.1987,1436222730026.4763,1352610392555.1174,1419578962555.226
2021-07-26,1419485092920.3794,1613802699804.6802,1385020375844.4788,1527432687364.0564
2021-07-28,1526773954104.7368,1593119728502.1726,1488436447254.7422,1558518547149.5154
2021-07-30,1558331989648.178,1668006433056.7346,1489056527825.2258,1621108632374.2954
2021-08-01,1622587312092.6511,1698057362323.792,1543294424871.9421,1585966449404.476
2021-08-03,1585868009772.4587,1650516918765.557,1512482460265.0227,1626275401700.7444
2021-08-05,1626524433091.9985,1768769684657.144,1522355388137.816,1720008944536.0964
2021-08-07,1720357519901.362,1855140899719.4521,1698778255359.51,1761788463987.5996
2021-08-09,1762392309371.0164,1907613413915.2576,1705504871973.31,1851773719815.0999
2021-08-11,1854902120832.081,1955360081058.1985,1791395282753.2239,1843728568959.942
2021-08-13,1842689110857.3723,2035369598518.1777,1823742836145.348,1984738505295.1191
2021-08-15,1985049887118.488,2073597848786.9343,1904510815879.17,1952356155517.566
2021-08-17,1952881509384.6477,2042308730484.2942,1844081550401.7908,1907039852852.2285
2021-08-19,1907293427112.782,2126628291779.6555,1858938783020.7224,2093495219797.4521
2021-08-21,2094536911183.252,2141061736777.0264,2018647967681.5857,2091471184585.487
2021-08-23,2093148426582.0334,2188961159224.0828,2008203809958.7754,2037607012577.6262
2021-08-25,2037450944144.0903,2128287640188.3438,1953658975328.5417,1990964230472.377
2021-08-27,1991457852498.2297,2144883502603.8547,1960558864804.083,2107754852613.4526
2021-08-29,2108328178467.7996,2158818835024.084,2010541870575.2468,2051328150589.92
2021-08-31,2051305331433.2927,2248759009382.1113,2022650497553.6677,2218240527560.648
2021-09-02,2219239694447.278,2353057905470.3423,2174465125570.7158,2287053156687.0503
2021-09-04,2288188894001.91,2408489471357.567,2231280180010.421,2368163972627.8374
2021-09-06,2369788248455.556,2456726332570.079,1848503750992.977,2118926629622.0908
2021-09-08,2124285812088.953,2240871204547.483,1972780956334.6646,2149646887016.0554
2021-09-10,2150910244209.7727,2236806638720.718,1996956625569.4019,2102980626997.792
2021-09-12,2103904157067.2434,2210648297646.8516,1975180994636.688,2078751072151.2954
2021-09-14,2080117574440.9055,2257533717140.454,2035251405044.7173,2221869621579.392
2021-09-16,2222545469427.27,2263314226949.7856,2098115212780.833,2144306856590.2375
2021-09-18,2144274660488.615,2250678005913.019,2109418509491.833,2142436064654.7827
2021-09-20,2143132319684.4683,2158387494718.0522,1758506183276.3494,1823817009117.5427
2021-09-22,1825378708430.1306,2082020054624.003,1805302749149.642,2057861348201.0942
2021-09-24,2059918181924.8623,2094913084546.592,1830914705385.793,1943887031527.072
2021-09-26,1944511143003.2095,2034121649410.231,1824115896319.6807,1907854127326.5566
2021-09-28,1904197585976.869,1943584476237.6345,1825913783659.3652,1878779269597.3135
2021-09-30,1878424467377.2449,2190431273094.5137,1852600397602.34,2151302389441.9639
2021-10-02,2152146810821.236,2245519299656.769,2104765823620.2114,2183066502423.0366
2021-10-04,2182803157898.0498,2323118738202.0728,2086708641761.769,2260195385518.2817
2021-10-06,2260856287201.094,2427751630278.2886,2128407223299.8708,2313529324941.108
2021-10-08,2314446508904.15,2424408492607.848,2277445571262.816,2356737649285.542
2021-10-10,2356079645379.401,2438156393246.156,2238128680324.4536,2368264585383.0596
2021-10-12,2369084722997.6934,2434214584319.3926,2209532235472.3564,2392847106570.7705
2021-10-14,2394344251860.335,2613583265642.4634,2327393772626.9863,2510765184214.3096
2021-10-16,2515638595122.913,2577937426844.307,2375158726872.4795,2491774737019.1836
2021-10-18,2491327873830.0464,2599727270423.7734,2385075773773.67,2555542530971.007
2021-10-20,2555764392890.753,2743535110633.809,2437941598083.5293,2550827567171.5503
2021-10-22,2551377963378.393,2664235720812.383,2455417303549.843,2580363827306.5146
2021-10-24,2580380984314.6123,2681614172295.227,2474080094680.018,2637323324308.3936
2021-10-26,2638498244504,2703736428401,2395735913773.144,2453054453724.1646
2021-10-28,2466461509129.9106,2718064137000.8345,2399733488653.4277,2659598885660.8496
2021-10-30,2659666572767.6562,2709160408777.1113,2525140492582.186,2623672196909.6274
2021-11-01,2624676346311.8823,2799937891500.6265,2527457934299.1245,2736292173351.1665
2021-11-03,2737263111537.551,2808340420652.3784,2595357672119.791,2700648223363.1
2021-11-05,2700239736496.9717,2796750746254.282,2615803046759.7305,2718315859027.5757
2021-11-07,2719370025825.566,2965154808900.6606,2685636851605.141,2901207826609.5415
2021-11-09,2902296423035.0776,3009141012442.996,2656762946190.7646,2794462676420.2056
2021-11-11,2793646054940.367,2895276019687.1445,2699399565661.222,2800845377737.4595
2021-11-13,2801182527149.0747,2881147450209.0073,2747669294586.1855,2833565009076.2686
2021-11-15,2833835497908.1626,2904338181319.2944,2502505743871.868,2593412915043.13
2021-11-17,2593239214445.4937,2677583609760.031,2409420040552.878,2459472947841.7476
2021-11-19,2459610775201.0845,2667204206443.3184,2391448715261.423,2636073628560.25
2021-11-21,2638032464159.897,2678414178799.288,2439428570040.6963,2494607909583.2256
2021-11-23,2495564283752.9585,2613047132334.016,2434846076241.077,2531466293799.332
2021-11-25,2532689851925.6885,2687712634781.103,2334609747414.0723,2403974000272.8496
2021-11-27,2401539810053.0264,2565097604743.996,2342752898232.176,2528594242663.174
2021-11-29,2528714328334,2698453803752,2491413815787,2587092897914
2021-12-01,2585838199249,2711627654524,2506373551343,2566255155503
2021-12-03,2570882535661,2648610826309,1945972131820,2283010183777
2021-12-05,2290353035263,2369816365728,2128009505115,2330940355219
2021-12-07,2331744842824,2419776467994,2242101506524,2365358485437
2021-12-09,2368595489242,2406732469963,2138110517607,2156112861062
2021-12-11,2166166178039,2324279896157,2127034523728,2279422074120
2021-12-13,2276303701007,2295204167072,2053656315985,2182722220380
2021-12-15,2184368765542,2302811452685,2084665293885,2196847718721
2021-12-17,2198801040920,2239294487446,2079592433573,2196198884090
2021-12-19,2199132904703,2273558956086,2104739168963,2194652627843
2021-12-21,2196748931534,2342296293343,2165422675637,2270113592516
2021-12-23,2266825240212,2449645318014,2233586595369,2371515870087
2021-12-25,2372690235350,2437255490200,2327096672903,2397275093144
2021-12-27,2399744511245,2486732999634,2212741645580,2249705601979
2021-12-29,2247381845444,2297083613923,2150342743470,2218805020205
2021-12-31,2217047950959,2291493215177,2134117695808,2185083898934
2022-01-01,2192031639073,2285801816686,2171186838646,2246356374300
2022-01-03,2244050413486,2286570803880,2161113793220,2200358899243
2022-01-05,2197371667516,2257929748230,1991805756315,2056251946749
2022-01-07,2047184873158,2062701227311,1874166870380,1941052347691
2022-01-09,1941561513223,2014409499919,1846248244249,1935417225162
2022-01-11,1937691316565,2110055761234,1907317596171,2080609079924
2022-01-13,2078747910913,2122965547531,1979174505256,2056980489854
2022-01-15,2057654539749,2104746620281,2026073555193,2073609959460
2022-01-17,2068699397308,2072951059953,1942197754387,1994881099373
2022-01-19,1997089442152,2043428515194,1888157511803,1901170574673
2022-01-21,1889931923745,1915261869173,1524139461943,1599964255334
2022-01-23,1609082361036,1703584199141,1489365691587,1648753461563
2022-01-25,1644741627876,1770791508222,1594813349223,1654054654591
2022-01-27,1656879619893,1699784507076,1581315062647,1683515490608
2022-01-29,1684037794929,1735271874397,1665691339956,1695094423355
2022-01-31,1689848785416,1764913421403,1632795482357,1738378947195
2022-02-02,1757448466362,1778556788377,1642431781910,1703509930134
2022-02-04,1703428587914,1915788982772,1689356520655,1875127824100
2022-02-06,1873110693444,2018973954563,1848106132854,1985099717264
2022-02-08,1986990087403,2063973245068,1916377560895,2010580146172
2022-02-10,2008306703690,2057634364095,1853145819997,1877666096507
2022-02-12,1877573814993,1915573232715,1837423336054,1854284613678
2022-02-14,1855830307298,1996532906912,1825512269735,1984717560305
2022-02-16,1987300915991,1996056782090,1803291566925,1824647145499
2022-02-18,1823594992434,1854863791291,1760454530701,1792833785611
2022-02-20,1791969929040,1795412226946,1640365468633,1650173031026
2022-02-22,1650993203892,1761793208573,1610666342034,1664886065658
2022-02-24,1661443667048,1776349093257,1509530247112,1751371262702
2022-02-26,1752205883558,1808126308389,1650787773837,1680269841713
2022-02-28,1680192284489,1952961736076,1659568638608,1914206348576
2022-03-02,1913611328771,1956687305938,1807921815236,1841134768810
2022-03-04,1841232080347,1849366707403,1687708282465,1738991227603
2022-03-06,1738370122930,1751333374171,1626360459072,1662595224182
2022-03-08,1661587108646,1841066440652,1651331398495,1809299030061
2022-03-10,1808770232190,1821691290741,1671501929020,1696579688812
2022-03-12,1696190238957,1735702667099,1649470979024,1660913757426
2022-03-14,1662206165353,1743520897540,1647602167244,1714093443913
2022-03-16,1715841654274,1821317604938,1695458172655,1795631627860
2022-03-18,1795503073523,1882492570486,1759883133434,1863037899056
2022-03-20,1863360329917,1875054221430,1793246916433,1829606602795
2022-03-22,1829137572588,1924432110027,1819853293391,1912673726878
2022-03-24,1912557538869,2009592469759,1892388771942,1957118874277
2022-03-26,1957782094893,2076643431435,1944171586472,2070700969389
2022-03-28,2070309145228,2153396640834,2051011828914,2106933740683
2022-03-30,2107000700823,2151926836855,2025795395083,2047844916264
2022-04-01,2048006568085,2159999625343,1989184617123,2092076942068
2022-04-03,2091577184882,2169325428138,2050099514157,2120520173087
2022-04-05,2126930321032,2161302695179,1940225904522,1949634591008
2022-04-07,1948742027917,2014185374695,1912697806490,1925794177644
2022-04-09,1925642613411,1986333176847,1910864755164,1921606403131
2022-04-11,1921413206560,1933165969870,1779020242506,1832924903663
2022-04-13,1833306377865,1900434567418,1804336738032,1828770657240
2022-04-15,1829063853400,1870956874310,1816815578203,1854116483592
2022-04-17,1853725982630,1870884639610,1755547259355,1858724661784
2022-04-19,1858867668834,1928515309673,1843689345048,1880461877165
2022-04-21,1879715304945,1943226755991,1794353060309,1816701055951
2022-04-23,1816524117014,1831930318162,1780225304846,1795966928575
2022-04-25,1794755719505,1852387281812,1707158365891,1729704187641
2022-04-27,1729480428951,1823610748004,1717975733524,1790692598389
2022-04-29,1790063139560,1808935194205,1658095779815,1672894049030
2022-05-01,1672425963156,1751553454319,1656934315581,1719306723133
2022-05-03,1719849656046,1802811499670,1672057576600,1788129391134
2022-05-05,1788145883275,1803654340888,1603069935642,1641157208272
2022-05-07,1641261718476,1651728707549,1532711841701,1554029635173
2022-05-09,1553875282282,1568624610623,1333308323735,1408383743809
2022-05-11,1412889028618,1462967366110,1081843893690,1236809329955
2022-05-13,1222080692657,1339285290199,1204435426251,1281941307227
2022-05-15,1281350670348,1344377454277,1234673395030,1266356993119
2022-05-17,1267900026956,1318017845474,1210247519378,1215220086341
2022-05-19,1215098808136,1296988313889,1204079322233,1234847107573
2022-05-21,1234219960834,1290771163916,1221976498203,1279063424281
2022-05-23,1278723461834,1306838732477,1208808180031,1252883571793
2022-05-25,1253114806678,1277335949052,1153315270115,1195922628839
2022-05-27,1194938529408,1211190281003,1146799508305,1195584469353
2022-05-29,1195922332622,1315118381843,1178388604381,1299686711018
2022-05-31,1300022629238,1326486691276,1195577065982,1217025352905
2022-06-02,1216763442523,1254165188992,1185249978001,1205111504872
2022-06-04,1204876590191,1228758404697,1189560479575,1213801749462
2022-06-06,1214305881180,1284346250911,1177250962505,1240884589933
2022-06-08,1240876756772,1254952009603,1201680605828,1216015519163
2022-06-10,1215455112809,1228144151183,1104791027503,1118753158515
2022-06-12,1119206727525,1127172612050,896315262104,923958726912
2022-06-14,924283236658,961549935668,833263451605,948068165690
2022-06-16,948320052517,963221554349,852102842747,870151590323
2022-06-18,869938221467,894101837101,762827569514,881392567803
2022-06-20,881139625188,935632215814,844162195084,894627829327
2022-06-22,892650448141,916939495948,852080389326,909469976434
2022-06-24,909526639880,954159587199,898268357577,945057128678
2022-06-26,944643402272,966207195382,901056268073,912053968152
2022-06-28,912192778735,934705781681,861374275173,874811328564
2022-06-30,874076285854,898389188380,816142670095,846199913777
2022-07-02,846844042962,862963329079,829499217796,851058376595
2022-07-04,851103266487,906170795326,837359232724,882134200214
2022-07-06,881832063390,945500345744,867297691864,936040895930
2022-07-08,935790011293,965047237790,913922021987,934010189794
2022-07-10,933784340089,935726671507,862387447615,867195918596
2022-07-12,866581276547,884142370989,824069461545,879605488619
2022-07-14,878873582578,935124049657,854745886272,914351898385
2022-07-16,913800688305,964725642068,896886869298,931287652653
2022-07-18,931157777526,1061437417609,929355287166,1034656334734
2022-07-20,1030000000000,1070000000000,984000000000,1030000000000
2022-07-22,1030000000000,1060000000000,981000000000,1010000000000
2022-07-24,1010000000000,1040000000000,952000000000,956000000000
2022-07-26,955000000000,1040000000000,924000000000,1030000000000
2022-07-28,1040000000000,1110000000000,1010000000000,1080000000000
2022-07-30,1080000000000,1110000000000,1050000000000,1060000000000
2022-08-01,1060000000000,1080000000000,1020000000000,1040000000000
2022-08-03,1040000000000,1070000000000,1020000000000,1040000000000
2022-08-05,1040000000000,1090000000000,1040000000000,1060000000000
2022-08-07,1070000000000,1130000000000,1050000000000,1100000000000
2022-08-09,1100000000000,1130000000000,1050000000000,1120000000000
2022-08-11,1120000000000,1160000000000,1100000000000,1140000000000
2022-08-13,1140000000000,1180000000000,1120000000000,1140000000000
2022-08-15,1140000000000,1170000000000,1100000000000,1120000000000
2022-08-17,1120000000000,1150000000000,1070000000000,1080000000000
2022-08-19,1080000000000,1080000000000,962000000000,983000000000
2022-08-21,983000000000,1020000000000,969000000000,1000000000000
2022-08-23,1000000000000,1030000000000,978000000000,1010000000000
2022-08-25,1010000000000,1030000000000,942000000000,952000000000
2022-08-27,951000000000,960000000000,919000000000,922000000000
2022-08-29,922000000000,981000000000,917000000000,946000000000
2022-08-31,947000000000,980000000000,933000000000,963000000000
2022-09-02,962000000000,982000000000,941016158202,952207888358
2022-09-04,952292280708,974419613180,942227541567,963095075582
2022-09-06,955519793188,979270350073,895324382959,942379445599
2022-09-08,943291770263,1023178030005,927632600579,1008855514301
2022-09-10,1008934515529,1035124925885,998426082314,1025628282365
2022-09-12,1025041089573,1049255681260,941161155430,951422009473
2022-09-14,951099896451,975627702147,914051165054,924711618994
2022-09-16,925200818049,945974289947,903742315915,941760737053
2022-09-18,941271474146,944550601162,856778388380,907061562696
2022-09-20,906880265325,927078068321,846987999814,862381162903
2022-09-22,861718278538,921210052341,856734857868,905614958606
2022-09-24,905616184588,915571438554,875844996443,885847079159
2022-09-26,887752149442,943994379356,877020407625,895840481722
2022-09-28,894833588277,917814866565,865053346972,911400867058
2022-09-30,910432434566,933130566410,891539852560,898547245407
2022-10-02,898497603577,911294060431,877125357569,905951820771
2022-10-04,906291536358,937612841593,900618951602,925662958230
2022-10-06,926078886174,940550993232,896471735322,907896983238
2022-10-08,907993623397,913469337316,893837771606,905531793571
2022-10-10,906659761133,913267708236,871144376915,881281701239
2022-10-12,881784923051,895872232752,832738039881,887015189953
2022-10-14,886310401540,913863994813,870932431069,876252465445
2022-10-16,875685705677,905556309769,873115429751,898343936707
2022-10-18,898320659588,906433241900,870003436840,874591503022
2022-10-20,874918125482,886482100938,851637428478,876612436289
2022-10-22,877058939954,903700642910,872353983703,898319267006
2022-10-24,898515959112,948841118836,878766293537,928199576773
2022-10-26,926747174520,972418042125,923890883150,940115035253
2022-10-28,940238310016,1002684620653,925816613554,981632897973
2022-10-30,981790435170,996535223846,953961946350,971921639517
2022-11-01,971426854920,989755929625,941606714949,951589796767
2022-11-03,951054395673,1021458367672,943496256533,1009718084136
2022-11-05,1009385169306,1029953260907,978528518390,982002634807
2022-11-07,982611923624,1000844269275,812793802958,876536622909
2022-11-09,875794662105,883392264804,736401198341,841608589347
2022-11-11,840443139219,848184962233,785587904259,803096163268
2022-11-13,801838360462,817818257616,753122924853,793043480670
2022-11-15,793704778393,819351628062,775113773709,790091957200
2022-11-17,790384077543,803886814021,772960821475,790147674960
2022-11-19,791478301906,799161375980,758314233943,763955786082
2022-11-21,764316427230,769491592028,727580780351,763706974888
2022-11-23,765447551637,802884609883,759190376771,791770083684
2022-11-25,792494983277,807586201119,776208350787,790818252032
2022-11-27,792121672827,805014276230,763751883470,776154165153
2022-11-29,776794278208,827602693324,769680662062,820825557013
2022-12-01,820604738430,826099288981,799985298849,817815237005
2022-12-03,817019911694,822491450799,799779339012,814573179432
2022-12-05,814327107267,830553913941,800329323348,811410972589
2022-12-07,811520869152,819192358704,788351185614,814462914023
2022-12-09,815613063831,822755480780,805071259826,810741720631
2022-12-11,810277622401,817701735589,790231586989,807269294452
2022-12-13,808575760930,848133526688,795024686685,824387763171
2022-12-15,823680437295,829140817769,753128770219,760019084770
2022-12-17,760163906774,775866370584,753251617691,768611952781
2022-12-19,768273875075,781015025715,744103432804,773912028302
2022-12-21,773529118519,776402587043,756376403189,770830468760
2022-12-23,771166733888,777629231277,766382950240,771299629113
2022-12-25,771439260983,777112435046,762171545383,774856705995
2022-12-27,775068487926,779461001389,751310844119,756063293133
2022-12-29,755885320188,763422330286,745800514187,757386994374
2022-12-31,757578341037,762827665624,752050700542,756149285783
2023-01-01,756244104676,772717325931,752339446882,765636647121
2023-01-03,765379049757,787827455490,760111288249,780530570159
2023-01-05,780427265929,788921698547,767482756225,785043891962
2023-01-07,784957006658,801964745588,780508994480,797791807032
2023-01-09,798740601480,822823186836,795452754088,816156282125
2023-01-11,816227198076,874336154709,806365124511,863558305551
2023-01-13,864227466521,965173057547,855575240822,939630436398
2023-01-15,940778510521,965840140369,919202396784,946509725696
2023-01-17,945844917077,966616677658,905045734241,917259248608
2023-01-19,916912427493,1000397146804,913697021947,995109591840
2023-01-21,994793756352,1018089686094,974009027155,991332011552
2023-01-23,992398840926,1016351238634,966006710725,977057141779
2023-01-25,977292719382,1025607142617,960739786136,1001239411264
2023-01-27,1000314718627,1021536891292,978093143974,999374633910
2023-01-29,1000284162225,1040846278835,974880877705,991194151940
2023-01-31,991120785599,1036591309070,985062640818,1030500454551
2023-02-02,1031274843687,1062785292502,1016171818660,1036277029579
2023-02-04,1035669114182,1051557065846,1003585473279,1015778509028
2023-02-06,1015486300715,1042507678840,999300225027,1036672508469
2023-02-08,1036802065115,1050533660496,958262051410,969116838038
2023-02-10,968953511760,980831042511,950293250714,974222920310
2023-02-12,974396783242,986833346361,937852892295,960675149195
2023-02-14,961294714584,1064391914541,949743043238,1061471412075
2023-02-16,1061866499837,1096004647223,1021066683842,1067808301709
2023-02-18,1067794063670,1098574874097,1054170939343,1063964234826
2023-02-20,1063519393856,1100069138548,1045327818972,1064520783768
2023-02-22,1064181969812,1074660202223,1027714651222,1049306767789
2023-02-24,1050739240409,1059726177272,996088777559,1016048084452
2023-02-26,1016299973970,1050213946787,1010719896564,1031687433647
2023-02-28,1031042210952,1056631883358,1009005911706,1040372304149
2023-03-02,1040963904153,1051130883488,969745700282,990260853022
2023-03-04,991551300567,1003633164748,974231062641,989094116329
2023-03-06,988562464031,998542797026,965984737073,980911988969
2023-03-08,981718644126,988209210084,890827437135,909790243036
2023-03-10,909588879167,948397194999,873246214296,923957983363
2023-03-12,924626733436,1062416822272,911265106925,1041411560718
2023-03-14,1041362229816,1119298139370,1011134614155,1034531951228
2023-03-16,1034394646459,1146470266543,1024279982868,1134125505979
2023-03-18,1134983066693,1165838543519,1103332244973,1141599300992
2023-03-20,1141146615188,1172639031334,1106499036768,1154024560845
2023-03-22,1154133446075,1181860821592,1094721166491,1157242392722
2023-03-24,1157358768925,1169390971658,1101665572509,1116337670385
2023-03-26,1116331434982,1147230070375,1078852532589,1101530060558
2023-03-28,1100610947999,1167016662489,1084414745564,1149669478314
2023-03-30,1151679221289,1177787655894,1121142531415,1153659468555
2023-04-01,1153390026366,1169253072344,1126917489659,1141308604200
2023-04-03,1140345511076,1166772738247,1107664552263,1152248329256
2023-04-05,1153087175143,1186336280019,1132141000800,1144339974507
2023-04-07,1148311700497,1155056539428,1131012921148,1140485248830
2023-04-09,1141032045906,1192994533326,1131767038911,1187171019360
2023-04-11,1187687670229,1218090967999,1174058114284,1193105752891
2023-04-13,1193769892045,1260338183316,1187472649910,1238390764887
2023-04-15,1238309863528,1254975323896,1224334122133,1243600208126
2023-04-17,1242601837957,1251170026057,1201118881843,1241921565088
2023-04-19,1242145826342,1245778537007,1142724099902,1156455489478
2023-04-21,1156848324684,1166016151514,1107386701482,1137340960357
2023-04-23,1137206444695,1147037404656,1103076198617,1123697910260
2023-04-25,1123266032659,1202683995746,1101948524092,1144444467908
2023-04-27,1144603137706,1190078210204,1140360660956,1167761755454
2023-04-29,1168218836783,1192730025561,1155112741452,1162883940336
2023-05-01,1163108343230,1170537384725,1114763887662,1148584206449
2023-05-03,1148881026846,1175006689864,1126890659116,1152221850938
2023-05-05,1153268265271,1196351654571,1135756216238,1154642820546
2023-05-07,1154693271965,1168748787085,1093730593505,1114432029015
2023-05-09,1115925426201,1138512100874,1080659989921,1115048936866
2023-05-11,1115261904085,1118080932865,1053657168175,1091062664688
2023-05-13,1094836013588,1105191046162,1079405452426,1091068576282
2023-05-15,1091358543211,1117296469046,1082734901686,1094136839693
2023-05-17,1093496090218,1110543043792,1069810962193,1086899476672
2023-05-19,1087000583617,1101975229587,1081016963087,1097427148376
2023-05-21,1096972631574,1103509898723,1073026678083,1087627933490
2023-05-23,1087956175699,1112407435726,1058497897283,1070260001230
2023-05-25,1070670887463,1092032949634,1050622261564,1083306202779
2023-05-27,1083269097932,1134829204308,1075898560364,1126488029470
2023-05-29,1127437316703,1140299335005,1107196930488,1119301765104
2023-05-31,1118732207399,1124520152388,1082434869446,1092365992080
2023-06-02,1092179687050,1116076679229,1082562111795,1105952136068
2023-06-04,1106640444627,1121704664655,1037110818048,1054789049367
2023-06-06,1055162874937,1105951872681,1040534471432,1063372615246
2023-06-08,1063773447489,1081718898677,1055251057126,1065286731901
2023-06-10,1064999523229,1067960774440,992224597315,1023794316120
2023-06-12,1024748221882,1045146290884,1006769774679,1024669945186
2023-06-14,1025625746915,1034208583435,975257714005,1003034815746
2023-06-16,1004511299007,1050336961772,989341503174,1035186429918
2023-06-18,1034969239685,1050138215434,1021648575518,1042416191585
2023-06-20,1042499190324,1154029956937,1030328240369,1134128999150
2023-06-22,1134668207089,1177375344938,1117985454440,1152492216294
2023-06-24,1152973965966,1169853414611,1132737795153,1148312785690
2023-06-26,1148194278054,1163393185257,1122718799797,1150852923292
2023-06-28,1150646802529,1152391040818,1110479953220,1136583221060
2023-06-30,1137275136660,1178665252213,1108265061378,1160420899886
2023-07-02,1160670334484,1190792880282,1142151774858,1178134999296
2023-07-04,1178706761079,1187483559065,1140799693893,1153433787330
2023-07-06,1152307091869,1185971616059,1119653337616,1143306143045
2023-07-08,1142744449414,1149617186324,1130927340813,1138038676849
2023-07-10,1138007554134,1166828780349,1127138417728,1153214548033
2023-07-12,1153233798294,1238787180381,1139330627362,1219843333151
2023-07-14,1219004360887,1235913959865,1156034339279,1177237983740
2023-07-16,1177080419201,1188945169310,1149054460179,1170049922765
2023-07-18,1169829812970,1180537200597,1145194092314,1165044529519
2023-07-20,1164805740457,1189497737046,1151410498004,1166134411070
2023-07-22,1165828078909,1177362138419,1147242453724,1166417000182
2023-07-24,1165816222924,1169248370520,1122548210223,1139279091635
2023-07-26,1139069432025,1158030164887,1130995279951,1142013299873
2023-07-28,1142894677399,1155444670015,1137386396409,1150380411059
2023-07-30,1151721266204,1157295421695,1133498152754,1141344088407
2023-08-01,1139511231077,1164659683785,1114066839399,1133900764743
2023-08-03,1130424379767,1140101437742,1111871808862,1122905624172
2023-08-05,1122537849052,1130037454084,1116253615720,1122740356687
2023-08-07,1122987306614,1158576366445,1105620994122,1143638503954
2023-08-09,1144003624374,1157584331498,1129607000434,1135248609528
2023-08-11,1135253751123,1140100256916,1126148051754,1134570689039
2023-08-13,1139806982794,1147654927189,1127902589704,1138891111585
2023-08-15,1138715121622,1141607621091,1103670465835,1108993691777
2023-08-17,1111725430422,1116612335730,992996964960,1029893510280
2023-08-19,1029744438583,1046748361716,1022042218351,1040192174609
2023-08-21,1042416492156,1045140001747,1000664893263,1027057244406
2023-08-23,1027060433762,1057655879525,1019964606820,1035376942930
2023-08-25,1035483071337,1041507423847,1019420722531,1029492424179
2023-08-27,1029627267708,1038885914601,1020175438050,1033429889125
2023-08-29,1033483018610,1097794736458,1024731114491,1067402033885
2023-08-31,1067388345874,1076207560603,1004181890764,1020717091722
2023-09-02,1020732357581,1031621871535,1017152334880,1025264778342
2023-09-04,1025286708999,1032040289049,1011375710840,1022072913236
2023-09-06,1021833512103,1040556978913,1006470606410,1034313054943
2023-09-08,1034280774666,1040954890634,1014445524099,1023973059371
2023-09-10,1024016899259,1026770446863,978422344580,989014179594
2023-09-12,988940834900,1032906885348,986467475437,1022140278262
2023-09-14,1022099481413,1048872523235,1018907617206,1039616298073
2023-09-16,1039745160579,1048857651998,1028747552599,1034554130171
2023-09-18,1034544883425,1066714480003,1027819589097,1056854367132
2023-09-20,1057410799887,1063639461984,1024028224514,1031805427654
2023-09-22,1032152275823,1040183537015,1027487964643,1034240511055
2023-09-24,1034188547147,1039516491106,1013620538609,1026641066138
2023-09-26,1026574575080,1047804703906,1017972038995,1028539680310
2023-09-28,1028411026011,1066637203360,1026263119939,1053432655176
2023-09-30,1052981629002,1094374530588,1050559341234,1088675374277
2023-10-02,1088973510195,1105232094748,1053345971723,1064108656876
2023-10-04,1064316093026,1079105976458,1050608519444,1055823134210
2023-10-06,1055878510047,1083053458289,1049746160819,1071913536087
2023-10-08,1071983419135,1077058918434,1036169522512,1050031981691
2023-10-10,1050023957290,1058002391798,1020186732298,1032022115803
2023-10-12,1031980518863,1039759143734,1015462579144,1029679996063
2023-10-14,1029779084334,1044405518190,1026978945002,1039017210209
2023-10-16,1038742718146,1115504737902,1036243038725,1065280455120
2023-10-18,1065448605771,1082131518225,1052261786709,1073667666529
2023-10-20,1074009740833,1128027067623,1068935338117,1114976914906
2023-10-22,1115050171096,1244572062928,1105774720817,1207617606182
2023-10-24,1208007432759,1268673141556,1194927445906,1239974205881
2023-10-26,1240395602378,1264745043379,1207127769461,1225976080762
2023-10-28,1225919970892,1255873133592,1222709901894,1246844438034
2023-10-30,1247331724120,1265872130189,1232464248260,1257383898218
2023-11-01,1257317584386,1304862236998,1235975034781,1266425211379
2023-11-03,1266765401120,1290253807083,1240288791560,1282521620043
2023-11-05,1282616726527,1316563018226,1267350827874,1306108478285
2023-11-07,1306105901089,1336601518539,1275021877291,1317397643880
2023-11-09,1317294556562,1407796572014,1298975685239,1387507877219
2023-11-11,1387869200995,1405359625643,1361022291192,1384214143842
2023-11-13,1385425994502,1414868789503,1304812907706,1335456013765
2023-11-15,1336165925410,1425576804801,1328373048003,1351565310945
2023-11-17,1351523224479,1376340282719,1326897655472,1360584371608
2023-11-19,1360762774495,1411665207955,1348304814526,1386380892431
2023-11-21,1386761067146,1405010725460,1318301581107,1388265790140
2023-11-23,1388421559632,1425630183511,1370241984309,1399711280963
2023-11-25,1400523503420,1413728760298,1378800616096,1394477392386
2023-11-27,1394518612294,1411313268449,1357330069946,1394074893843
2023-11-29,1391967533129,1413941319065,1378331203799,1391098384933
2023-12-01,1391670776305,1461583645595,1385897493924,1451978995130
2023-12-03,1451914491818,1537830073534,1440808799922,1516840033018
2023-12-05,1517183274406,1588188878118,1488776055941,1553572453278
2023-12-07,1553653375910,1621399521769,1527811133480,1602584378156
2023-12-09,1603027340842,1630254480882,1580600394112,1602827523759
2023-12-11,1602119444997,1608851957958,1471667390297,1527772087536
2023-12-13,1528440468586,1604537673894,1487540142992,1588127341226
2023-12-15,1588774096560,1598578131690,1530543644991,1558728297518
2023-12-17,1558534822625,1570469621284,1480911995178,1558830469225
2023-12-19,1559162886900,1612327568168,1522866265039,1584359778710
2023-12-21,1589623605268,1653163697185,1575051885666,1632230022145
2023-12-23,1632598233993,1655079397295,1593332408218,1612131707224
2023-12-25,1612241432140,1656142806911,1559528203013,1609350996534
2023-12-27,1609131512496,1684492944611,1583159188084,1624705292596
2023-12-29,1624609852151,1652294018821,1575090255925,1606356762904
2023-12-31,1606221599861,1637858616584,1587956825124,1605069948147
2024-01-01,1605027291842,1725724499917,1595363227445,1677045628697
2024-01-03,1677477945839,1707033532615,1500518868869,1639719551687
2024-01-05,1640035468655,1649871750050,1576233102308,1610644131962
2024-01-07,1610827875869,1701462114515,1557216574743,1688435958436
2024-01-09,1689167835349,1763522290706,1617941487356,1727810859764
2024-01-11,1727904413064,1807588079721,1585163129605,1630260653004
2024-01-13,1630587979238,1661009629445,1599261806024,1602390855015
2024-01-15,1602503383027,1668368904309,1598456803306,1654096981784
2024-01-17,1654220293493,1663182129366,1561388413225,1586080224131
2024-01-19,1586533819174,1613238224603,1541363160256,1597070974863
2024-01-21,1597470093874,1608178219393,1506992821789,1514588905858
2024-01-23,1514735808553,1538163821934,1455286365500,1517733686255
2024-01-25,1517861140566,1581013349946,1489110541893,1566772630247
2024-01-27,1566751903363,1605435294701,1552791280967,1573148962053
2024-01-29,1573816729564,1645233124408,1562764120568,1607890694004
2024-01-31,1608317179216,1629769657456,1556834656406,1600203065687
2024-02-02,1600320166195,1622360758459,1584730842501,1601532128557
2024-02-04,1601785925157,1623551706602,1574249220540,1593544408746
2024-02-06,1593031184454,1656118519051,1582658193977,1650177371747
2024-02-08,1650840891139,1758657207372,1645590575109,1729299677301
2024-02-10,1729648991774,1777390771211,1717169871085,1757727930213
2024-02-12,1757975007620,1839068267342,1733796916722,1810289120553
2024-02-14,1810484112771,1933836596145,1794506914182,1897485120065
2024-02-16,1898906584556,1927029755196,1844941487334,1886558827089
2024-02-18,1886545322103,1949717977958,1869567638856,1921386458676
2024-02-20,1921757399279,1964209405452,1861087579847,1915261646673
2024-02-22,1916028399718,1939904814157,1866358441634,1883456511689
2024-02-24,1883811296094,1951440038038,1872705427512,1940343014674
2024-02-26,1943733866577,2115281958298,1906947403760,2084934809677
2024-02-28,2085365032011,2304856877207,2051857642494,2199526682153
2024-03-01,2200184471619,2298731370908,2189182125153,2275153886343
2024-03-03,2275714483973,2467622881296,2219612176718,2441517722891
2024-03-05,2442336285576,2520561461194,2120692842231,2426165733609
2024-03-07,2426833178002,2574881822621,2390770908591,2503388313525
2024-03-09,2504598513043,2584077328279,2480702990969,2531823478301
2024-03-11,2532516313003,2684084186532,2450504898176,2617264122433
2024-03-13,2617763180313,2721321698194,2514258370065,2627870915642
2024-03-15,2628065394540,2672116405226,2376473607160,2406808247395
2024-03-17,2406901870747,2544586944697,2355274738563,2463505576216
2024-03-19,2466115915175,2492143765040,2207573198911,2473993001561
2024-03-21,2474032504472,2509753972079,2295418663658,2355452249825
2024-03-23,2355736388465,2485107504318,2323133799778,2467923335341
2024-03-25,2468456644195,2625252772749,2439242083369,2560488622826
2024-03-27,2560682726757,2622190377485,2487827821655,2576541169688
2024-03-29,2576790619780,2603999481387,2514948213809,2546829911426
2024-03-31,2546979648025,2626097227149,2476430758169,2536634085712
2024-04-02,2536625529468,2541877256360,2341631294051,2401975587136
2024-04-04,2401903071836,2514569239343,2366719085719,2445593890576
2024-04-06,2446203753526,2543207875460,2433778391729,2513494627705
2024-04-08,2513672853868,2642995642027,2476049758262,2508830873000
2024-04-10,2508579368012,2585500297169,2438297553736,2526464480007
2024-04-12,2526665089944,2571337966999,2097547039291,2235310398911
2024-04-14,2236078928542,2383800794883,2170997183570,2253596551308
2024-04-16,2253956464044,2283962048839,2124468716464,2179129617690
2024-04-18,2179436794559,2314792594543,2114664103779,2257630306703
2024-04-20,2258445287600,2354623012060,2232529264774,2318855632543
2024-04-22,2317830970171,2416716093621,2301194439161,2377729633390
2024-04-24,2377528410513,2416208847385,2252202998603,2311347108637
2024-04-26,2311424607831,2326559777505,2231467332838,2293688103009
2024-04-28,2293817390159,2337131045483,2222668688063,2290490864007
2024-04-30,2290323819619,2319055188947,2040559891811,2128979011294
2024-05-02,2124235039140,2278471133542,2070344994323,2260955207064
2024-05-04,2261374213932,2320606894288,2249643224842,2297205709199
2024-05-06,2297281039334,2359323683739,2229382372978,2232975759375
2024-05-08,2233181463155,2277860809286,2181625835225,2263262936891
2024-05-10,2263334098410,2284413308499,2167041248704,2189962386609
2024-05-12,2190102146384,2266912817551,2164209612330,2236694728202
2024-05-14,2236780339017,2336982753155,2171868687874,2326376874410
2024-05-16,2326964765161,2382814977230,2268568643609,2362379506611
2024-05-18,2362771776970,2387793909895,2318690663242,2333790197264
2024-05-20,2335013383755,2598328404458,2321061461054,2538207507487
2024-05-22,2538359663536,2562184220363,2395103389414,2477520965675
2024-05-24,2477347543281,2520947412043,2412671681608,2504776627438
2024-05-26,2504867921021,2574113689364,2468104946489,2530033233519
2024-05-28,2530193778394,2544428261909,2450440605964,2468000055454
2024-05-30,2461048274256,2515816617327,2422213397724,2453236076948
2024-06-01,2453604661457,2491887060716,2437144402006,2458790275935
2024-06-03,2458875784471,2564399151610,2447126613034,2546899871950
2024-06-05,2547085939343,2599161887402,2526592331643,2556180325018
2024-06-07,2556753630737,2593655736888,2424309280448,2470792063235
2024-06-09,2470897866235,2503558480103,2449080398184,2465951782385
2024-06-11,2465698694332,2486611903736,2336041408099,2426068054021
2024-06-13,2426406297519,2431082183827,2296295431227,2343147718230
2024-06-15,2343174922820,2398158259992,2334583661236,2384821830096
2024-06-17,2384849413710,2402857895778,2242988432988,2303341777732
2024-06-19,2303989354970,2370435182335,2286481172328,2305389291965
2024-06-21,2306030659081,2320876054279,2256586448223,2290048722244
2024-06-23,2290120458840,2305822658980,2113793279525,2186149924411
2024-06-25,2179173895295,2252854628553,2173610794216,2200231479563
2024-06-27,2200464922356,2262578484261,2178307175805,2190195205158
2024-06-29,2189957633536,2265918798721,2183103577874,2254689046005
2024-07-01,2254818954337,2297056946316,2228354825791,2248881746004
2024-07-03,2248834080445,2254489839575,2033988599055,2042923351305
2024-07-05,2043227549191,2103620069258,1903927284974,2093439181454
2024-07-07,2093647680798,2099982715983,1941128603369,2043131676373
2024-07-09,2043234748665,2133228268797,2027408329301,2084519736357
2024-07-11,2084632187046,2146375452714,2043497878424,2097624621862
2024-07-13,2097322238369,2208213436000,2088300442629,2188039579638
2024-07-15,2188738773193,2351246880947,2182635677481,2327302229999
2024-07-17,2327699815997,2372811789006,2262807758146,2295712839756
2024-07-19,2294599283598,2411645392930,2264504949802,2393841704129
2024-07-21,2394053013986,2442108730508,2338580933268,2387346690840
2024-07-23,2388126142700,2413016880640,2302041403007,2319379822946
2024-07-25,2318952232889,2379971162723,2224340581183,2369056226239
2024-07-27,2369476073891,2418161543370,2324241396148,2372683821978
2024-07-29,2372607094332,2441968078237,2293308947690,2326554897409
2024-07-31,2326640398533,2358617789746,2185207709400,2283490935574
2024-08-02,2283277050670,2291916611611,2075378934718,2106497301259
2024-08-04,2106792660475,2126295087997,1691080967871,1868056302634
2024-08-06,1870878586372,2007313255834,1869955109109,1905800880280
2024-08-08,1906487480548,2146062710642,1888832487617,2081058604195
2024-08-10,2081524773769,2127433214932,2002746675557,2014103757407
2024-08-12,2014476502141,2117154028806,1985327400813,2088316034013
2024-08-14,2088616289748,2129959619286,1957837470382,1999936152526
2024-08-16,2000329727036,2061468681768,1978773182055,2051145402150
2024-08-18,2051250109319,2084249624627,2004380876006,2061511663251
2024-08-20,2062295071234,2130945040258,2030599099276,2107271635881
2024-08-22,2107773290770,2235023821938,2067896247308,2208034229621
2024-08-24,2208770399172,2240727022711,2186346936070,2206925302717
2024-08-26,2207197726686,2219088066122,1998927321049,2041293122213
2024-08-28,2041091038360,2102266861583,1992473816404,2043302059916
2024-08-30,2043380723149,2062423475063,1984996171569,2028362904809
2024-09-01,2028543436339,2043700188720,1960056223726,2032245370401
2024-09-03,2032122774888,2053935116533,1904299122888,1987818870175
2024-09-05,1986057340018,2000465095075,1813766308948,1862195385702
2024-09-07,1862360140142,1920802878829,1855080741953,1903706065678
2024-09-09,1903893130315,2002707740915,1892037234776,1988167889354
2024-09-11,1988280817261,2019316988936,1917405890684,2002648873540
2024-09-13,2002745441835,2077367924409,1981740408277,2054499745234
2024-09-15,2054848231239,2068501468757,1960653824349,1986678514999
2024-09-17,1986557754108,2084126512280,1966176934775,2082255651017
2024-09-19,2082692911534,2181922497681,2075564532556,2151910379214
2024-09-21,2152568437014,2192042589872,2124517451490,2165786419818
2024-09-23,2166072385627,2222640257487,2134053461849,2207022749789
2024-09-25,2206859471673,2257676321309,2149767557055,2232130280960
2024-09-27,2232558821640,2290675861505,2220718470070,2259838291747
2024-09-29,2259908507555,2277104039689,2164555951064,2181258276137
2024-10-01,2180926724734,2219926629893,2043807110389,2065330243671
2024-10-03,2065730623338,2127127746164,2027562549664,2111568322317
2024-10-05,2111684590629,2145650326481,2092228959562,2137571256024
2024-10-07,2137745701568,2194721385950,2097479885698,2116954790694
2024-10-09,2119358657945,2141052610613,2019526919949,2065282371377
2024-10-11,2065253243814,2166906523208,2057349808260,2154314228326
2024-10-13,2154529877524,2262792509275,2115013619552,2247209942795
2024-10-15,2247464449215,2301257863318,2192395488083,2270724984661
2024-10-17,2270928316254,2314423070582,2232148975281,2293617621782
2024-10-19,2294099148089,2344884213031,2279612039749,2333545315132
2024-10-21,2333894364827,2354907621290,2247680288249,2275313972588
2024-10-23,2275148420285,2303990071579,2191903339095,2281546999048
2024-10-25,2281677940897,2301035845811,2170026804254,2231929453847
2024-10-27,2232010050265,2329335102944,2224219642869,2315728066312
2024-10-29,2315744650541,2423123539903,2309612748244,2380804648175
2024-10-31,2381976425189,2394480117324,2256342984720,2283160740122
2024-11-02,2283392617836,2300196827714,2203789494204,2248313889644
2024-11-04,2248454490527,2302951561745,2181516319702,2264220396437
2024-11-06,2265240962729,2543084715002,2263933065837,2508890148757
2024-11-08,2509934453240,2598808104402,2493387929896,2582892542430
2024-11-10,2582950894003,2955503501299,2562572029123,2928451978290
2024-11-12,2929035443239,3037851955466,2789395551440,2930743771058
2024-11-14,2932382584157,3004537277352,2810671414674,2955664873012
2024-11-16,2956037000804,3045746846124,2896229621029,2956403864992
2024-11-18,2956837536705,3101422576514,2933794030250,3024885011617
2024-11-20,3027072895245,3236740035642,2974961355234,3205899453931
2024-11-22,3207176060153,3357262309316,3158290629026,3270153356792
2024-11-24,3270695238925,3347985252384,3109551459529,3148793231578
2024-11-26,3148748148396,3301588527311,3033990117246,3258066431474
2024-11-28,3259482318668,3368786103863,3199977298522,3327060306662
2024-11-30,3327511619349,3425003143504,3280911676093,3387881757238
2024-12-02,3388367367582,3493537295393,3262106182714,3418799019218
2024-12-04,3424139847785,3671880105750,3297344440677,3452278149810
2024-12-06,3453482671251,3648288127607,3420881560859,3590490092291
2024-12-08,3590696962724,3645169119958,3221881627311,3385548481419
2024-12-10,3385136656667,3554809171453,3221652847647,3522382622269
2024-12-12,3524903236923,3617979477125,3465746759956,3554057679693
2024-12-14,3555053466304,3640354809718,3486133425969,3615624526922
2024-12-16,3616115766294,3730623265818,3546322319718,3625620319914
2024-12-18,3625987107852,3646329585769,3204510475443,3275551894313
2024-12-20,3275682336383,3393108140057,3046660866487,3254132377972
2024-12-22,3254474300205,3297079050450,3117890421028,3248985114267
2024-12-24,3256463914622,3401457702870,3201372784500,3371100605519
2024-12-26,3372761437960,3398796452265,3178380170815,3210789053178
2024-12-28,3210433275447,3282094886044,3167644179568,3193090330789
2024-12-30,3193197490661,3280582171681,3120331511544,3184655720260
2025-01-01,3185335715344,3365979751210,3160784989285,3324367398236
2025-01-03,3325230610853,3452191964013,3296609261400,3420493902364
2025-01-05,3420739990072,3543372303304,3370569568084,3510185862609
2025-01-07,3510720893367,3536815339788,3147578266432,3252314810306
2025-01-09,3253749501460,3272736108851,3109148593270,3227219377186
2025-01-11,3228172588820,3272714644798,3191431477417,3228665000167
2025-01-13,3227603578587,3307076695363,3018881627619,3277075548645
2025-01-15,3277279624803,3501277468279,3258538500175,3433426023989
2025-01-17,3436034892879,3636526183379,3428585221743,3561740789711
2025-01-19,3564481021716,3692150048297,3345472414018,3455355742649
2025-01-21,3461856217486,3621445338182,3379788978485,3510234995866
2025-01-23,3509739300424,3621000032872,3414249555575,3524288783707
2025-01-25,3525135365441,3567123688435,3440670502155,3447052227469
2025-01-27,3447037760516,3486784057248,3250872336689,3370215419308
2025-01-29,3371040672003,3556035504900,3353295795421,3500822621891
2025-01-31,3501921355762,3572632945852,3325597841762,3341320671461
2025-02-02,3342690371343,3383306583501,2811513676599,3288743014681
2025-02-04,3290636210357,3315781779193,3092257791362,3121359050124
2025-02-06,3122685958175,3220102870779,3044770128733,3089313207568
2025-02-08,3089858721284,3155569987161,3031374075081,3101246990734
2025-02-10,3101551180377,3200771910712,3050642888152,3098950871521
2025-02-12,3098956124411,3208053576418,3033240480939,3141256789693
2025-02-14,3141590976860,3247294298990,3125544996037,3179543962747
2025-02-16,3179755348775,3199096244700,3092342226138,3130596519547
2025-02-18,3130915317856,3157444372514,3017349853395,3135160895624
2025-02-20,3135457324559,3239177103284,3063168198275,3107919547484
2025-02-22,3109014080710,3163323687651,3092554024609,3136508226527
2025-02-24,3137129710823,3151104193432,2757388172900,2880728365985
2025-02-26,2880522318654,2906356727886,2685090414714,2760535419652
2025-02-28,2760216512633,2817278215094,2551418595482,2785734182908
2025-03-02,2786113721829,3124810472831,2739813521500,2780956784802
2025-03-04,2792056744096,2942362574369,2632759751303,2917507081916
2025-03-06,2918330593394,2999795842584,2742593068511,2804497183350
2025-03-08,2805628260983,2827950220512,2586157894768,2612024180359
2025-03-10,2612593427552,2724514480533,2442736513641,2641833144394
2025-03-12,2642325941970,2704691587714,2568309086159,2608599388174
2025-03-14,2608749403946,2737184347204,2597370676071,2717713063521
2025-03-16,2717896359443,2739114342413,2630087852720,2701876164714
2025-03-18,2701981174861,2810830957846,2613544524198,2797018036470
2025-03-20,2798105034071,2820727823569,2676983835435,2708958729050
2025-03-22,2709811040999,2772811141708,2696182322039,2764552070354
2025-03-24,2764698754120,2859757923679,2743663617570,2821669718573
2025-03-26,2822203376937,2856164197899,2758663099681,2802886914368
2025-03-28,2803028446489,2812624528374,2602334436599,2636059926446
2025-03-30,2636165864329,2671211750098,2581518439654,2629097446027
2025-04-01,2629500583340,2793768176907,2596405986273,2608609700361
2025-04-03,2609063679628,2678411090339,2559201814409,2650179673465
2025-04-05,2650254796674,2666431639644,2415829757171,2456940170684
2025-04-07,2457037134499,2541854702307,2309026302843,2390261561709
2025-04-09,2390234030253,2621074466602,2328198844767,2498268443865
2025-04-11,2498463021026,2693697940399,2479660710961,2670514640253
2025-04-13,2670598260421,2699381202753,2588441949264,2635519600533
2025-04-15,2636134836224,2690993790636,2572294347871,2608963979465
2025-04-17,2609522961194,2657478579044,2595900624071,2626267902221
2025-04-19,2626362565731,2668642925737,2611072863751,2647839546318
2025-04-21,2648110792887,2890246139140,2638090417078,2873200497868
2025-04-23,2874142180353,2929122033928,2818759705584,2898028730964
2025-04-25,2898658474968,2957213908312,2861401004247,2923584209604
2025-04-27,2923471925903,2962686462801,2860871159537,2930641706165
2025-04-29,2931665674921,2954334733525,2848057121601,2900054373572
2025-05-01,2900847603930,3003395749187,2895864884018,2968397522749
2025-05-03,2968758902289,2974662422622,2884034593508,2891079444670
2025-05-05,2891462385030,2952810972303,2848903663657,2945993880653
2025-05-07,2946287110992,3203763871564,2909820441182,3182842508282
2025-05-09,3182380226486,3329283991891,3149206000521,3318717357011
2025-05-11,3318814993683,3376401781684,3176742699376,3261203357317
2025-05-13,3261555702827,3359168958167,3191151514002,3285648194836
2025-05-15,3286144898020,3313205816593,3187467303216,3245316760031
2025-05-17,3245564059359,3338929424826,3193789078842,3313059784318
2025-05-19,3312728985888,3341540152588,3166802122559,3311513882830
2025-05-21,3312898280604,3485233359306,3281191595775,3468425492908
2025-05-23,3469181080659,3498949393169,3308242762912,3342484691963
2025-05-25,3342714951904,3421275823819,3291509220288,3381378412046
2025-05-27,3381416006754,3444816498859,3317411346230,3361376128482
2025-05-29,3361402377433,3410132479093,3197540056330,3212517105855
2025-05-31,3212342337349,3266620515001,3170318547220,3257509609196
2025-06-02,3258546867143,3318987105621,3194713494825,3265326540935
2025-06-04,3266262094665,3300378431016,3091331511293,3126812206391
2025-06-06,3127054681357,3264612264263,3111106048305,3249016649055
2025-06-08,3249380917928,3401922669615,3225172344647,3392197484488
2025-06-10,3392504010220,3441917434955,3338416938510,3369136989232
2025-06-12,3369184889161,3377344146762,3148564372906,3259992826379
2025-06-14,3260262167958,3267768358995,3194648372673,3245606313434
2025-06-16,3245981107730,3357722103708,3169150667418,3208038291932
2025-06-18,3208255858349,3241396796632,3165933529289,3210297359073
2025-06-20,3211464994394,3261639622415,3051736980147,3099989213553
2025-06-22,3100079026091,3227936275921,2961992009011,3206508640628
2025-06-24,3207270881389,3286907644527,3181304427184,3249075206303
2025-06-26,3249471111327,3291945792027,3205101037774,3238130927271
2025-06-28,3238242856484,3308734157783,3227817190738,3298076160541
2025-06-30,3297981446696,3323709598730,3193861996461,3209347540521
2025-07-02,3209721986331,3376923764876,3190942635654,3340476785346
2025-07-04,3340771598927,3349393882160,3255165594027,3287998460434
2025-07-06,3288195227934,3349139604858,3274567982574,3298772129772
2025-07-08,3299028407083,3441593033076,3274087159425,3417220777731
2025-07-10,3416832444941,3689328944935,3397380721546,3618389915645
2025-07-12,3618905329208,3694327366211,3581027110694,3667666877493
2025-07-14,3667667261098,3799432452844,3578516242031,3675425850551
2025-07-16,3676900626278,3866499493748,3645034316054,3810668098530
2025-07-18,3811565305939,3919579474235,3740983452307,3806512646894
2025-07-20,3806659095895,3940323060858,3770923652184,3857580851470
2025-07-22,3858136683279,3940257962394,3753385516943,3820516537073
2025-07-24,3821923052407,3871409573924,3695593710199,3812302644598
2025-07-26,3812756840207,3909879632034,3790461764276,3894077902585
2025-07-28,3893858929206,3931330936071,3772554440177,3817742059316
2025-07-30,3818661333640,3860405566324,3721375942507,3731704665320
2025-08-01,3732368581569,3749450684702,3558580202180,3581423317554
2025-08-03,3582017097917,3747912749942,3557274625746,3727489137411
2025-08-05,3727833812073,3735732947943,3623559228401,3709989923927
2025-08-07,3710694353072,3876782646531,3685521849332,3836695332032
2025-08-09,3837217223355,3956768652074,3822237059737,3926447486247
2025-08-11,3927282756653,4027049531961,3865689067203,4006064612393
2025-08-13,4007549669881,4170732391736,3899173970730,3951771863376
2025-08-15,3950047548380,4006325652859,3875198075347,3921240161293
2025-08-17,3921887651621,3990389313208,3812474803618,3874313566900
2025-08-19,3874508797369,3898596581254,3721626210993,3833367221045
2025-08-21,3833293862095,4011843808701,3728591992337,3987302526773
2025-08-23,3987754365170,3998432669977,3823231649541,3899008501973
2025-08-25,3900005278249,3917815632396,3689905264512,3824311355359
2025-08-27,3824804600595,3893412840171,3769111108156,3846532528891
2025-08-29,3847506161051,3856029183224,3666469816992,3727574502675
2025-08-31,3728203233610,3772476421165,3644881370976,3710200910927
2025-09-02,3716551841438,3844327910161,3687616467334,3812032007928
2025-09-04,3811169273569,3854838418322,3716364407809,3761578563548
2025-09-06,3762174023563,3808538031586,3726918612954,3787675896927
2025-09-08,3787951615600,3885582877779,3765646555189,3819814539266
2025-09-10,3820059553827,3957020146932,3797839084027,3948196461116
2025-09-12,3948794381042,4054889704341,3925028923698,4016887979888
2025-09-14,4017371224223,4035246877698,3912538867919,3954057777136
2025-09-16,3955298743867,4050003552668,3918983022899,4022714876874
2025-09-18,4024115818949,4083926661507,3950085551122,3972154325461
2025-09-20,3972138190452,4006882166558,3955519379306,3962438357994
2025-09-22,3963205143606,3972792442656,3777995971977,3817999474640
2025-09-24,3818907290492,3889407644449,3655755254363,3677710894191
2025-09-26,3678243644243,3758807771403,3659938554360,3734390167909
2025-09-28,3734620398045,3893496184970,3703252951372,3875884226681
2025-09-30,3876880739135,4008995591770,3799948809828,4001206364425
2025-10-02,4002822270602,4202196841050,3987922541048,4142632659658
2025-10-04,4142871236925,4236425322760,4086991012479,4150345892729
2025-10-06,4151183273710,4271874727570,4067552808703,4100799466556
2025-10-08,4102331876935,4202238464095,4016991806604,4087428394994
2025-10-10,4086457218010,4127417557313,3238616621451,3652749137306
2025-10-12,3653692513051,3935387952551,3604667335200,3893757348996
2025-10-14,3895100084119,3911226893064,3671993012735,3710581318118
2025-10-16,3711454204456,3766617280478,3450370660558,3558560765197
2025-10-18,3558533308287,3672475385953,3543597740745,3637499674226
2025-10-20,3649185503930,3800551544230,3589605347841,3617618836079
2025-10-22,3618084378258,3709586341468,3543063704849,3662288965679
2025-10-24,3662216065962,3744597019232,3644451281440,3724931110702
2025-10-26,3724938406745,3898368750885,3707466507980,3809841132509
2025-10-28,3809574795626,3873373530374,3650322822858,3685837520675
2025-10-30,3685473183848,3735766555086,3530139293263,3649805173908
2025-11-01,3650421644878,3704857665610,3633738799055,3680154815560
2025-11-03,3679849172150,3689485410896,3214264827589,3330507139495
2025-11-05,3330675325075,3450208274904,3238236364631,3338416916384
2025-11-07,3338416292310,3471432692254,3267104439281,3401003390316
2025-11-09,3401067287912,3572439243006,3361480860037,3527101425589
2025-11-11,3530865978340,3587234150076,3348629651575,3384250288050
2025-11-13,3384688188784,3476803086697,3138063459839,3168660918419
2025-11-15,3168594719672,3252524928370,3108381279768,3159007595369
2025-11-17,3159605995736,3229663835277,3010589140025,3138477995019
2025-11-19,3138025642939,3146764750649,2909257144835,2931488534011
2025-11-21,2933002020567,2966769324661,2733748356518,2862517568856
2025-11-23,2862526278066,3031799718587,2858202589098,2997553386617
2025-11-25,2998191039203,3075593709033,2921626370272,3063499223641
2025-11-27,3063671489892,3133964140535,3035984555720,3061638122447
2025-11-29,3061817437238,3096131148642,3029605698920,3036762165713
2025-12-01,3037621970947,3093622875417,2825272932572,3058036297202
2025-12-03,3059472747821,3175188596486,3048789009134,3096773482823
2025-12-05,3096805145702,3122785327409,2971390230822,3010596814976
2025-12-07,3010907367715,3111762149930,2950964172757,3056451212230
2025-12-09,3055280887491,3198041318195,3018764389780,3108262318081
2025-12-11,3111145226698,3147594494815,3004511743461,3034001369895
2025-12-13,3034257971684,3060225929677,2959421082838,2980328833168
2025-12-15,2981247336559,3047588303790,2872887295042,2952600000217
2025-12-17,2952578230301,3022167354008,2817144586147,2852157224601
2025-12-19,2854195049218,2987550649748,2836827683544,2959650731163
2025-12-21,2960182131893,3027940075900,2929477452016,2966733711073
2025-12-23,2966845305858,2980193164124,2886884457190,2928826594929
2025-12-25,2926903577581,2981102500155,2890148629479,2918655925871
2025-12-27,2919224250118,2958033276807,2913137242743,2947465948271
2025-12-29,2946805584358,3022677284700,2907876490237,2958133729795
2025-12-31,2957873787786,2985491017883,2918459960617,2934645342687
2026-01-01,2934495926888,3065288312790,2926368978518,3035648338442
2026-01-03,3035832717299,3106801453577,3009749577035,3089537991094
2026-01-05,3090037821535,3212885919705,3081699761569,3180389622324
2026-01-07,3180016395106,3184633090967,3016151047318,3073026712041
2026-01-09,3072902361857,3107327768820,3027805298989,3054336229882
2026-01-11,3054418028859,3121465455107,3035292533250,3070523130146
2026-01-13,3070947326804,3288260202013,3062294959204,3247447055056
2026-01-15,3246343252934,3261362737768,3152253649566,3196862783274
2026-01-17,3197204135827,3212355177844,3135828142732,3139702075835
2026-01-19,3140496902161,3146474357984,2938387995864,2955040442852
2026-01-21,2954682900975,3034645407294,2914168155876,2987641474981
2026-01-23,2988053818478,3042278585156,2951888941916,2979507518573
2026-01-25,2979690024399,2984082842908,2865750155927,2953699657325
2026-01-27,2952938830357,3030726881307,2921325215976,2990239201183
2026-01-29,2989338950856,2993484197586,2727961821431,2812878051453
2026-01-31,2812629529504,2818694367053,2520706822061,2562820587089
2026-02-02,2563306962249,2647666484018,2451857930987,2536603055949
2026-02-04,2535924642248,2576716195824,2125493916783,2144377212613
2026-02-06,2146462402999,2414148610288,2051620606967,2349197543905
2026-02-08,2347671461038,2423877227412,2301479839052,2364723821686
2026-02-10,2365121268387,2381096323061,2224145415256,2266267765241
2026-02-12,2265678532376,2350497241134,2213499234083,2331181521185
2026-02-14,2330276042735,2417716124726,2301107085401,2327245155053
2026-02-16,2327448578196,2370190464452,2270556148678,2303089672898
2026-02-18,2303263649423,2335836374551,2235048274223,2276714939684
2026-02-20,2277687940333,2334394029389,2257241354449,2308849079450
2026-02-22,2308551038429,2317330295939,2179180244362,2203848680050
2026-02-24,2203876947467,2389178141225,2144536995171,2324276768597
2026-02-26,2324428339248,2352503495629,2219024359518,2249000162647
2026-02-28,2248987343854,2329707189468,2159922404205,2248110991597
2026-03-02,2249187824205,2375285123773,2232033694686,2311409085568
2026-03-04,2312162270319,2480326923951,2282859715088,2383694324758
2026-03-06,2384088073714,2401538396514,2270311527226,2282732269659
2026-03-08,2284177040472,2353337334805,2234279285420,2316883471332
2026-03-10,2315927704690,2412372871414,2312988769015,2368378825723
2026-03-12,2367135142764,2484942311682,2336857635328,2394064019489
2026-03-14,2394127654984,2467473097964,2373109306010,2452673824103
2026-03-16,2452650631660,2568474885854,2436470601235,2504346769065
2026-03-18,2504356029896,2531116940832,2344603035105,2378738289811
2026-03-20,2380285887443,2422269763716,2335380546410,2345961244803
2026-03-22,2347409202156,2431828450114,2296399908703,2400179635020
2026-03-24,2403268110302,2443899552174,2346791952073,2418399830892
2026-03-26,2417766647271,2422423924126,2245101083111,2269129880483
2026-03-28,2270700810422,2304382867085,2225754108463,2259865809682
2026-03-30,2259697793519,2338236452928,2252121044269,2323970291477
2026-04-01,2325611096116,2362679864174,2243729602147,2281088637561
2026-04-03,2281513491901,2307043811025,2264513620302,2296385984683
2026-04-05,2296416859875,2380456952047,2268357134119,2331112665381
2026-04-07,2331183978351,2455525574789,2297022402029,2395411138644
2026-04-09,2395262890612,2463442232490,2373599642554,2447111661385
2026-04-11,2445853062444,2480401160912,2377313661415,2386236418081
2026-04-13,2385194747343,2543220096998,2376888336860,2481083806206
2026-04-15,2479552882190,2545877812996,2462402877093,2531568660200
2026-04-17,2530089804353,2620698649383,2503749914057,2529389451001
2026-04-19,2529397003022,2548527627812,2465084063139,2525419557033
2026-04-21,2525316922191,2629693940274,2495823914948,2585943745781
2026-04-23,2585731488134,2601860197835,2543465890500,2565110351148
2026-04-25,2563771421499,2607909513740,2551253217262,2598194417941
2026-04-27,2598200482348,2624629729896,2508131468517,2530334284141
2026-04-29,2530061420560,2577432853367,2483001659531,2522249781307
2026-05-01,2521090601251,2598191985233,2518316565433,2581982836763
2026-05-03,2583807732876,2650272421109,2565170857758,2615769142782
2026-05-05,2614541015978,2719433224325,2610913084572,2671315632247
2026-05-07,2671544416180,2683873584608,2603756295476,2645283744791
2026-05-09,2645273952223,2721213452967,2638368378943,2706379856464
2026-05-11,2705607918140,2716973051023,2626128797599,2649273901063
2026-05-13,2648853374398,2702754057265,2597980256492,2667466184416
2026-05-15,2665903580243,2685879750869,2552275925479,2571526631712
2026-05-17,2571618903036,2590232818044,2504715047500,2541091650661
2026-05-19,2541026627597,2568727100976,2510480858458,2555667715602
2026-05-21,2554755066024,2582374970384,2493095507864,2500095300445
2026-05-23,2498349566128,2560480699841,2455828331377,2540393688257
2026-05-25,2540477031466,2576962116429,2499687086798,2511077879894
2026-05-27,2512223423402,2526745124380,2406326724483,2445649679156
2026-05-29,2445399428144,2485768192022,2411228903479,2468318361553
2026-05-31,2470064249014,2491864132454,2381367521319,2414213014612
2026-06-02,2412552069614,2418056643167,2200185488612,2215249006999
2026-06-04,2212917778627,2232042390018,2021655166589,2079094224630
2026-06-06,2078510308478,2183736248445,2023275389316,2157652331776
2026-06-08,2156727323045,2188626719286,2080804452059,2110429471822
2026-06-10,2108999021540,2171264493296,2071229515079,2157849650298
2026-06-12,2157875692407,2193278554896,2130657245996,2179186469338
2026-06-14,2180103379641,2288221442089,2152526170549,2246672348355
2026-06-16,2246730857589,2275550782733,2175263453786,2196481822165
2026-06-18,2195326045975,2208340907366,2121813451802,2159680532142
2026-06-20,2161028869127,2192579671911,2148682457534,2152239183824
2026-06-22,2153095429571,2222388659713,2101242957149,2127643727025
2026-06-24,2128522514924,2144859807634,1989070195804,2040251288534
2026-06-26,2041590968164,2080357328073,1994918939004,2047160686147
2026-06-28,2047211679270,2082046728140,2014932024432,2063032700483
2026-06-30,2060432734986,2062965738988,1990845052980,2016647575762
